#{"t_start": 1752406624.2771273, "env_id": "VizdoomHealthGathering-v0"}
r,l,t
151.4,176,5.680802
73.8,112,6.628268
51.4,96,7.732314
51.4,96,8.867277
74.0,120,76.033896
61.0,120,77.71041
62.6,104,78.611001
73.8,112,79.503612
51.4,96,129.543743
85.0,120,130.646792
73.8,112,131.938338
91.2,128,132.870842
96.2,128,181.995422
75.6,144,184.454843
109.6,144,185.617732
114.6,144,186.991057
51.4,96,231.727376
73.8,112,245.117555
51.4,96,245.946337
51.4,96,246.854907
70.6,144,248.147449
62.6,104,350.526559
62.6,104,351.557801
62.6,104,352.870289
119.2,168,354.502921
61.0,120,483.719235
83.4,136,485.061644
51.4,96,485.788699
61.0,120,486.96954
51.4,96,616.036254
62.6,104,617.152269
69.0,120,618.175532
190.2,248,736.225718
107.4,136,750.653121
118.6,144,751.983561
114.6,144,753.199309
107.4,136,847.222774
61.0,120,848.05355
93.0,160,849.547553
61.0,120,850.418224
81.8,152,939.183755
128.0,160,940.838328
85.0,120,941.804742
85.0,120,1042.699823
51.4,96,1043.62435
129.8,152,1044.890961
85.0,120,1045.691819
61.0,120,1146.34754
51.4,96,1147.401719
51.4,96,1160.814836
62.6,104,1161.636638
73.8,112,1162.771601
73.8,112,1225.338219
85.0,120,1226.528037
61.0,120,1228.162663
85.0,120,1229.198891
105.2,168,1297.080292
70.6,144,1299.688315
81.8,152,1302.853847
85.0,120,1303.795327
62.6,104,1364.318413
73.8,112,1367.015198
51.4,96,1369.089649
51.4,96,1370.922745
151.6,224,1439.182134
98.8,152,1455.305001
80.2,168,1457.257777
51.4,96,1506.564869
51.4,96,1509.133995
80.2,168,1512.187825
70.6,144,1514.451769
96.2,128,1574.52805
61.0,120,1576.650372
62.6,104,1578.8455
73.8,112,1580.406324
132.4,176,1630.63096
104.2,168,1632.361332
62.6,104,1633.331735
142.8,192,1687.689316
85.0,120,1689.098545
51.4,96,1703.672556
103.4,136,1704.628997
127.8,152,1757.43074
102.6,224,1759.86024
51.4,96,1760.845604
61.0,120,1763.252166
93.0,160,1822.639291
80.2,168,1824.526242
97.0,160,1826.129952
148.2,168,1879.832286
61.0,120,1881.020107
85.0,120,1882.056335
93.0,160,1935.017651
73.8,112,1936.457797
85.0,120,1937.300543
85.0,120,1951.394837
100.2,168,2003.385749
61.0,120,2004.518718
61.0,120,2005.46718
161.8,192,2007.063909
89.8,192,2057.724379
85.0,120,2059.919507
104.2,168,2061.082396
115.6,144,2112.716262
51.4,96,2114.624158
85.0,120,2115.909719
51.4,96,2116.783382
113.0,160,2169.427546
84.0,120,2170.901602
51.4,96,2171.537899
51.4,96,2185.482594
104.6,224,2234.142417
76.0,120,2235.307301
85.0,120,2236.368462
85.0,120,2237.642055
51.4,96,2290.733023
61.0,120,2291.749305
51.4,96,2292.706743
94.6,144,2294.219696
61.0,120,2342.667086
96.2,128,2343.870866
51.4,96,2345.35689
94.6,144,2346.777091
67.0,120,2392.653361
61.0,120,2395.15068
73.8,112,2397.531311
51.4,96,2399.495057
110.8,152,2465.701937
85.0,120,2466.802992
136.6,224,2468.278046
125.0,240,2521.373004
146.6,184,2523.775576
51.4,96,2524.522577
115.2,208,2587.222839
163.8,192,2589.52867
51.4,96,2590.549937
151.6,184,2639.201783
104.2,168,2640.76859
284.6,424,2705.452545
51.4,96,2706.936575
136.4,176,2710.985743
70.6,144,2766.067385
73.8,112,2767.282135
479.0,525,2824.698532
81.0,120,2825.592141
93.2,168,2874.518252
51.4,96,2875.401889
51.4,96,2876.422158
105.8,152,2877.804461
61.0,120,2878.734971
127.2,208,2953.781204
73.8,112,2954.953069
491.0,525,3014.253426
61.0,120,3015.374426
104.2,168,3067.695455
61.0,120,3068.847375
156.6,264,3071.201076
114.8,192,3121.284091
51.4,96,3122.166731
94.6,144,3123.559005
371.2,488,3194.792439
61.0,120,3249.628738
51.4,96,3250.209185
63.0,120,3251.740089
61.0,120,3252.311561
98.2,168,3303.663182
330.2,448,3308.080365
70.6,144,3358.592234
73.8,112,3360.483175
85.0,120,3362.564607
73.8,112,3363.77836
70.6,144,3425.750568
51.4,96,3426.792779
182.4,216,3429.280126
183.8,232,3481.099495
61.0,120,3483.621749
61.0,120,3485.959494
61.0,120,3542.497241
122.2,208,3544.324354
51.4,96,3545.073351
72.6,144,3546.730915
177.2,328,3600.513035
62.6,104,3601.467482
140.8,192,3652.844037
470.0,525,3723.731395
248.0,320,3726.86202
133.4,216,3781.898783
269.8,392,3843.302513
70.6,144,3844.669855
222.2,248,3846.249628
62.6,104,3899.101237
73.8,112,3900.293048
157.8,192,3915.657943
85.0,120,3919.351064
85.8,152,3970.99989
72.2,128,3973.021482
290.0,525,4034.705462
298.4,416,4088.316041
96.2,128,4089.730257
147.4,216,4139.489139
198.2,208,4156.155552
51.4,96,4156.707077
115.4,176,4209.585614
181.0,320,4212.867833
51.4,96,4213.862174
98.2,168,4268.092095
69.0,120,4270.800847
96.2,128,4273.353019
71.0,120,4274.767236
81.8,152,4333.978831
292.2,408,4389.50329
51.4,96,4390.135598
51.4,96,4390.942439
74.6,144,4406.777078
51.4,96,4408.505454
61.0,120,4462.654591
51.4,96,4464.394935
102.6,224,4471.385235
61.0,120,4517.250534
51.4,96,4518.135167
51.4,96,4520.189671
51.4,96,4522.280078
51.4,96,4523.950609
86.2,168,4579.812165
439.0,525,4633.309048
73.6,144,4634.816016
51.4,96,4648.789634
135.2,208,4704.276193
67.0,120,4705.720329
519.0,525,4758.160041
107.2,168,4761.426303
51.4,96,4762.586199
76.0,120,4812.208447
104.2,168,4813.749325
66.0,120,4814.77558
70.6,144,4816.165862
156.8,192,4860.939081
61.0,120,4862.345319
138.2,168,4880.68326
115.2,248,4930.089087
61.0,120,4930.88396
185.2,288,4983.985901
460.8,472,5041.638665
192.0,320,5045.061507
512.0,520,5115.95485
118.6,144,5171.061426
70.6,144,5172.116603
105.8,152,5173.809075
498.6,504,5241.79021
129.8,152,5311.262354
77.0,120,5312.283621
157.6,224,5315.200818
378.6,504,5386.291631
483.0,525,5488.693681
298.2,368,5558.019869
100.2,168,5561.412792
131.6,184,5623.954478
142.4,176,5626.529588
118.6,184,5631.678813
151.8,192,5697.087828
129.8,152,5698.239746
506.0,525,5778.991181
300.0,360,5834.710119
208.8,352,5900.346525
132.8,192,5902.59152
81.2,168,5905.078865
109.6,224,5977.783388
150.6,184,5980.649331
51.4,96,5982.05064
220.0,240,6062.590898
490.0,525,6161.354776
78.0,120,6162.89871
513.0,525,6240.776574
147.0,200,6327.083199
514.0,525,6416.323242
159.2,208,6435.415166
491.0,525,6521.543751
61.0,120,6524.753165
354.8,352,6584.799526
70.6,144,6586.433156
51.4,96,6640.763808
480.0,525,6704.7237
107.8,192,6719.771442
171.4,296,6782.93646
51.4,96,6784.461381
153.6,224,6786.297469
61.0,120,6787.334694
61.0,120,6843.923306
150.6,224,6846.292966
389.0,525,6911.490546
152.2,168,6966.150317
131.0,200,6981.953043
160.2,248,6984.316718
265.2,288,7048.643627
539.0,525,7120.626056
51.4,96,7121.55557
114.8,152,7188.110519
107.4,136,7189.074939
51.4,96,7190.633768
150.8,192,7192.355163
221.4,256,7250.457724
89.8,192,7265.250152
144.8,192,7335.441373
118.6,144,7336.825669
61.0,120,7338.364552
162.4,216,7404.702083
171.4,336,7410.153499
149.4,176,7467.530002
129.8,152,7469.309242
159.8,192,7471.24606
125.8,192,7544.417309
429.0,525,7623.930591
162.6,184,7625.736759
85.0,120,7628.254026
118.6,144,7689.605894
147.4,216,7691.74916
133.6,184,7693.58425
158.6,264,7767.657087
134.6,224,7770.551344
73.8,112,7833.846015
51.4,96,7835.769869
72.2,128,7838.375897
93.0,160,7854.596503
128.2,168,7919.777128
100.2,168,7921.91441
61.0,120,7923.234878
141.0,160,7989.208382
141.0,160,7990.698397
105.6,144,7991.873253
61.0,120,8057.843766
75.0,120,8058.89994
158.4,296,8063.18747
118.6,144,8131.368071
141.0,160,8133.200168
147.6,184,8148.54412
118.6,144,8211.235404
137.4,176,8213.22209
126.8,192,8217.236351
180.2,208,8283.352473
172.8,192,8285.545606
73.8,112,8286.905967
85.0,120,8353.256463
133.2,168,8355.353851
189.4,296,8423.511513
51.4,96,8425.027458
112.8,152,8428.173043
116.6,144,8429.354881
61.0,120,8502.6119
186.4,256,8506.549366
81.6,144,8508.145097
181.6,224,8563.183856
128.2,168,8566.069135
104.2,168,8568.711068
162.4,216,8628.239814
122.2,168,8630.299304
85.0,120,8631.434268
51.4,96,8688.192426
96.6,144,8689.541816
105.8,152,8691.541466
129.8,152,8762.996307
51.4,96,8764.207068
105.8,152,8765.814767
149.2,208,8767.77951
80.2,168,8824.807945
148.0,200,8826.939243
67.0,120,8828.457183
130.2,208,8897.124481
51.4,96,8899.067284
94.6,144,8901.723178
70.6,144,8958.437453
51.4,96,8959.602336
51.4,96,8960.338368
94.0,160,8961.764552
182.2,368,9034.477027
148.2,168,9040.029175
85.0,120,9095.171655
70.6,144,9097.243114
63.0,120,9098.349154
51.4,96,9099.335515
75.6,144,9149.600045
163.4,296,9152.175156
96.2,128,9212.829891
51.4,96,9213.989787
98.8,192,9218.334165
101.2,168,9221.152625
143.2,248,9288.25112
117.0,160,9290.353495
67.0,120,9291.292981
104.6,144,9343.681829
73.8,112,9346.843371
165.8,192,9348.655522
51.4,96,9401.827275
172.2,248,9404.738487
172.4,216,9406.980488
70.6,144,9465.251599
90.2,168,9466.864285
51.4,96,9468.01321
51.4,96,9518.659721
209.6,344,9535.276265
85.0,120,9536.340419
51.4,96,9596.38678
61.0,120,9598.720536
96.2,128,9601.271711
73.8,112,9602.725821
95.4,136,9654.441468
155.2,248,9656.838057
179.4,216,9718.148038
180.0,200,9719.838515
73.8,112,9721.041297
152.0,200,9775.037844
239.0,360,9791.850864
164.4,216,9846.975392
51.4,96,9847.942804
121.8,192,9851.485327
180.4,216,9909.45624
297.0,320,9915.219822
51.4,96,9964.495996
96.2,128,9965.92218
61.0,120,9967.415186
189.0,240,10022.009133
161.2,248,10038.384326
152.4,216,10039.787572
51.4,96,10095.230249
166.0,200,10097.615867
62.6,104,10098.654089
72.6,144,10153.719774
161.2,208,10155.99768
156.8,272,10211.318683
152.4,176,10213.114878
94.6,144,10214.533084
61.0,120,10215.681014
196.8,272,10270.826485
51.4,96,10287.449016
96.2,168,10289.772799
196.0,320,10347.679882
179.0,200,10411.665707
168.2,248,10416.723175
244.4,336,10467.687832
74.2,128,10469.080107
161.6,184,10470.811475
159.6,224,10529.121482
123.0,200,10530.698263
99.4,136,10547.758623
70.6,144,10611.787329
153.0,200,10613.711183
159.8,192,10616.555574
292.4,376,10675.816037
415.0,525,10737.68951
51.4,96,10739.187502
195.2,248,10795.245533
96.8,192,10810.635361
70.6,144,10881.715204
193.8,232,10885.69057
170.4,256,10940.258588
51.4,96,10941.448405
151.8,232,10943.36727
158.6,224,11001.273358
227.6,304,11005.156968
151.8,272,11072.903729
211.4,416,11137.658493
178.2,208,11140.256543
73.8,112,11141.914108
341.0,525,11209.510272
387.6,464,11267.790358
131.0,160,11323.647925
430.4,496,11398.627338
139.4,176,11400.53623
468.0,525,11473.905947
204.0,280,11531.034117
128.2,168,11533.238219
427.8,512,11595.976378
123.4,176,11597.830419
61.0,120,11669.381002
131.8,192,11671.094419
51.4,96,11671.979053
222.6,304,11733.931315
530.0,525,11792.377955
162.0,200,11796.509902
73.8,112,11799.30642
134.4,176,11856.845489
102.6,184,11858.854115
80.2,168,11861.203829
51.4,96,11928.657374
51.4,96,11929.651714
239.2,288,11933.279009
116.0,160,11985.685809
161.2,208,11988.139245
388.0,525,12045.301323
492.0,525,12105.649875
260.2,488,12184.521872
195.4,296,12239.204583
61.0,120,12240.215877
528.0,525,12295.773247
71.0,120,12296.683811
80.2,168,12349.302045
194.0,280,12352.269108
105.8,152,12416.088374
89.8,192,12430.917703
134.4,296,12485.311186
486.0,525,12541.799067
147.4,216,12543.514478
227.4,296,12597.694533
61.0,120,12598.833485
151.8,192,12600.431211
507.0,525,12673.693218
332.0,525,12731.495581
134.4,216,12787.968502
94.8,192,12790.800925
71.6,144,12793.570516
172.6,224,12844.439429
51.4,96,12845.712024
566.0,525,12924.822385
51.4,96,12925.964329
477.0,525,12982.480135
325.8,432,13046.58464
61.0,120,13048.099586
494.0,525,13157.985614
303.0,480,13175.954543
514.0,525,13297.620057
160.6,224,13299.628684
67.0,120,13300.632997
276.0,320,13351.919792
186.0,200,13353.955347
514.0,525,13433.373883
70.6,144,13489.953517
186.6,264,13494.591112
118.2,168,13497.288894
440.0,525,13604.696552
454.0,525,13664.299099
137.8,192,13668.040091
637.0,525,13740.827367
160.2,208,13744.184387
96.2,128,13795.440264
416.0,525,13852.690107
469.0,525,13911.515734
158.8,192,13913.417645
223.8,392,13989.798308
61.0,120,13990.890386
586.0,525,14048.569082
142.2,168,14104.962216
370.0,525,14161.493979
83.4,136,14162.872292
477.6,464,14228.334165
503.0,525,14288.49123
109.2,168,14291.854234
159.8,192,14351.821805
127.4,176,14353.51328
126.2,168,14354.909546
117.0,160,14408.944986
116.8,192,14410.583602
181.2,248,14412.944287
88.2,168,14478.286481
167.6,224,14480.077688
461.0,525,14541.933209
533.0,525,14601.133833
592.0,525,14657.121053
51.4,96,14712.766189
113.8,192,14728.248769
163.8,272,14784.371626
125.0,200,14787.921131
171.8,232,14790.583009
473.0,525,14846.07655
51.4,96,14899.146574
165.8,272,14901.501275
346.4,456,14975.544192
85.0,120,14976.854686
129.8,152,15033.03919
131.2,168,15034.843363
154.0,200,15037.768538
70.6,144,15093.708884
136.6,224,15095.826219
80.6,144,15097.542628
61.0,120,15147.680496
240.8,312,15153.011235
340.2,368,15233.45004
137.8,192,15234.732609
136.2,208,15291.473813
112.6,184,15293.460498
169.4,216,15343.888591
471.0,525,15411.754034
61.0,120,15414.596429
407.6,384,15464.332373
51.4,96,15465.45138
631.0,525,15536.830423
489.0,525,15600.393376
368.6,504,15660.101641
142.8,192,15661.979617
70.6,144,15713.121799
496.0,525,15802.048896
61.0,120,15802.917574
152.4,216,15805.048871
80.2,168,15865.888111
554.0,525,15940.487539
566.0,525,16009.172789
519.0,525,16105.819236
391.6,464,16191.395298
94.6,144,16192.350742
592.0,525,16271.363364
490.0,520,16352.596046
125.0,200,16445.048712
257.6,264,16447.667706
107.4,136,16448.436648
540.0,525,16525.140447
582.0,525,16606.881768
82.0,120,16673.769826
639.0,525,16770.504039
511.0,525,16855.572459
596.0,525,16935.838726
70.6,144,16937.023557
561.0,525,17026.20298
580.0,525,17292.682081
684.0,525,17561.213693
612.0,525,17815.257064
631.0,525,18079.108196
70.6,144,18346.667408
645.0,525,18580.636482
659.0,525,18803.814425
480.0,525,19027.537909
123.0,160,19030.691474
603.0,525,19250.243216
682.0,525,19516.129902
472.0,525,19791.002549
669.0,525,20063.555403
574.0,525,20334.665117
80.2,168,20544.454878
679.0,525,20772.157715
599.0,525,21011.369763
676.0,525,21249.267328
675.0,525,21439.029666
583.0,525,21603.592419
565.0,525,21804.069095
96.2,128,21805.38657
568.0,525,21999.586038
51.4,96,22153.173154
96.2,128,22154.41184
461.0,525,22355.98558
73.8,112,22357.888489
394.8,392,22535.551197
577.0,525,22715.898723
128.2,168,22730.573464
639.0,525,22884.882649
584.0,525,23045.140917
641.0,525,23240.723685
62.6,104,23402.566715
504.0,525,23536.800606
62.6,104,23538.853115
51.4,96,23541.151965
185.8,272,23652.182929
96.2,128,23653.804591
74.0,120,23654.868745
51.4,96,23655.764348
66.0,120,23656.661947
244.2,328,23770.042625
260.0,320,23895.84208
118.6,144,23897.241337
51.4,96,23910.345281
430.0,525,24089.044216
244.0,240,24279.810868
203.0,280,24282.873674
69.0,120,24487.79845
265.4,336,24491.411783
546.0,525,24672.985029
642.0,525,24789.021602
583.0,525,24891.58921
595.0,525,25017.624034
343.4,416,25130.829182
96.2,128,25232.050389
117.0,160,25233.688009
524.0,525,25340.937091
141.2,208,25343.233947
133.6,224,25436.081555
626.0,525,25529.86965
469.0,525,25641.95978
650.0,525,25727.12195
672.0,525,25811.665775
576.0,525,25911.756008
523.0,525,26012.061666
410.0,525,26122.487249
485.0,525,26218.409632
442.0,525,26347.824416
584.0,525,26486.851484
107.6,144,26601.137739
205.2,248,26605.138039
449.0,525,26711.832603
618.0,525,26816.828713
429.0,525,26941.888148
62.6,104,26942.903431
388.0,525,27015.836318
70.6,144,27074.231097
114.6,184,27076.362396
61.0,120,27077.675881
85.0,120,27130.051763
61.0,120,27131.485926
73.6,144,27132.858255
107.4,136,27134.059042
325.0,440,27215.106221
118.6,144,27272.871685
107.4,136,27275.185494
51.4,96,27275.946458
61.0,120,27277.278893
113.4,176,27331.301567
73.8,112,27332.031614
51.4,96,27333.003015
111.6,144,27334.374347
139.6,184,27389.07102
83.4,136,27390.606911
159.8,272,27454.499981
51.4,96,27455.969051
62.6,104,27457.992637
93.0,160,27474.789701
118.6,144,27530.428853
51.4,96,27531.650584
62.6,104,27532.730695
51.4,96,27533.544517
61.0,120,27534.693444
149.2,208,27590.117171
62.6,104,27591.195287
51.4,96,27591.95326
118.6,144,27593.282702
169.4,216,27664.247853
118.6,144,27665.742855
107.4,136,27667.288718
51.4,96,27721.351088
51.4,96,27722.485054
51.4,96,27723.595084
229.2,328,27794.686898
128.2,168,27797.803558
85.0,120,27798.869707
51.4,96,27799.700483
74.0,120,27853.037793
116.0,160,27856.224268
70.6,144,27859.506487
85.0,120,27912.644332
179.4,256,27915.599425
51.4,96,27917.666894
118.6,144,27974.59759
51.4,96,27975.754495
51.4,96,27976.853555
107.4,136,27991.85941
87.2,128,27992.55854
61.0,120,28048.210657
369.6,384,28052.071329
61.0,120,28110.665575
286.2,408,28168.069006
158.6,224,28169.838273
118.6,144,28171.884798
147.4,176,28236.684443
561.0,525,28312.02389
334.4,456,28381.600756
478.0,525,28440.965938
474.4,456,28505.550159
488.0,525,28579.367679
409.0,525,28647.618093
451.0,525,28710.364575
73.8,112,28711.512503
476.0,525,28775.329776
431.0,525,28857.418169
591.0,525,28934.442591
315.4,456,29043.039355
628.0,525,29142.835376
552.0,525,29282.363746
533.0,525,29378.22287
62.6,104,29379.193274
321.0,525,29461.887047
92.6,144,29523.058398
652.0,525,29619.637026
448.0,525,29695.320554
566.0,525,29763.02443
51.4,96,29764.127479
73.8,112,29765.354197
648.0,525,29837.802379
548.0,525,29924.282025
179.4,256,30000.8452
374.0,525,30088.725098
51.4,96,30090.629006
94.6,144,30092.547872
61.0,120,30184.787108
553.0,525,30266.102305
560.0,525,30363.005066
207.8,272,30365.44055
537.0,525,30454.649894
550.0,525,30541.15148
575.0,525,30637.148664
593.0,525,30732.828697
51.4,96,30829.75639
165.4,256,30831.913619
368.4,376,30929.796758
530.0,525,31028.751029
80.2,168,31044.70435
657.0,525,31158.843998
504.0,525,31272.1788
327.6,464,31373.086847
80.2,168,31468.744937
648.0,525,31563.89738
158.8,272,31566.948219
414.0,525,31633.1541
167.4,256,31693.674195
561.0,525,31750.499173
51.4,96,31751.568314
105.8,152,31766.408612
551.0,525,31829.019809
273.2,328,31879.004088
411.0,440,31930.700787
79.0,120,31932.025243
51.4,96,31932.955754
453.0,525,32008.924518
209.2,248,32075.36278
672.0,525,32157.991726
141.0,160,32162.534574
597.0,525,32245.273227
605.0,525,32318.496336
380.0,440,32392.265985
156.0,200,32458.58656
136.0,160,32460.391731
417.0,525,32521.536155
325.0,525,32578.692248
112.2,248,32646.896784
493.0,525,32716.325046
61.0,120,32717.860937
350.0,525,32778.163613
125.2,248,32780.621038
110.6,184,32839.836621
634.0,525,32921.155075
107.4,136,32922.594225
62.0,120,32924.020409
294.4,296,32977.97008
96.0,160,32980.351709
113.2,168,33035.793388
211.2,288,33038.91803
492.0,525,33093.734381
61.0,120,33095.329116
553.0,525,33246.912687
186.4,256,33250.083205
141.0,200,33252.103799
196.6,344,33302.530896
167.0,200,33353.676068
597.0,525,33415.049879
138.2,248,33432.103256
291.2,408,33488.928235
453.0,525,33541.939417
538.0,525,33599.788655
197.0,280,33659.873913
395.0,525,33733.678468
255.4,256,33736.650516
407.0,525,33800.811868
165.6,184,33843.658244
96.2,128,33844.882967
51.4,96,33845.590075
219.6,384,33883.170538
257.8,312,33898.011835
393.0,525,33938.138485
176.8,192,33970.498914
515.0,525,34014.602924
70.6,144,34015.469605
73.8,112,34016.29041
404.0,525,34067.316901
93.0,160,34105.253412
85.0,120,34106.207858
93.0,160,34107.124406
142.4,176,34143.099164
111.2,168,34144.336854
455.2,488,34181.14239
466.0,525,34232.567814
103.6,184,34246.894486
621.0,525,34282.970973
136.8,192,34325.959966
555.0,525,34364.775126
204.0,240,34366.108559
486.0,525,34413.777034
87.6,144,34445.612865
63.0,120,34446.638123
70.6,144,34447.710254
446.6,504,34485.198962
51.4,96,34485.781404
62.6,104,34516.691712
475.0,525,34551.309102
147.4,216,34553.140203
51.4,96,34553.922111
73.6,144,34611.749408
351.6,464,34644.228519
51.4,96,34644.983499
51.4,96,34645.650714
51.4,96,34646.322916
503.0,525,34685.257755
51.4,96,34685.827232
51.4,96,34727.084857
92.8,192,34728.870082
51.4,96,34729.896336
61.0,120,34730.815876
51.4,96,34775.634973
138.0,160,34777.069137
61.0,120,34778.080431
51.4,96,34778.624974
464.0,525,34813.144626
423.0,525,34853.635304
102.6,224,34896.302159
51.4,96,34896.968376
164.6,184,34898.429467
138.0,160,34941.899175
89.8,192,34942.984272
51.4,96,34943.364256
134.4,176,34979.068738
374.0,525,35019.809973
299.4,496,35053.617529
51.4,96,35054.51413
516.0,525,35106.746396
89.2,128,35107.652971
137.8,192,35140.237798
508.0,525,35180.004413
81.8,152,35181.200213
444.0,525,35225.049904
127.0,200,35226.093113
71.0,120,35256.818914
177.0,240,35269.191813
125.0,200,35270.285886
51.4,96,35297.787313
189.0,320,35299.760036
163.4,216,35331.546
128.2,168,35332.848516
132.8,192,35334.331549
459.0,525,35394.604304
262.8,312,35409.948255
62.6,104,35410.492798
198.0,320,35441.955627
455.0,525,35473.726632
162.4,216,35475.250556
72.2,128,35503.191806
149.0,200,35505.068784
129.8,152,35505.790852
73.8,112,35538.803535
139.4,176,35550.2549
72.2,128,35550.964003
251.8,352,35581.970054
168.4,296,35612.785614
51.4,96,35613.607416
51.4,96,35614.410268
210.8,312,35644.874768
186.6,304,35647.113778
138.8,192,35678.915701
171.0,320,35688.871068
164.0,320,35719.116153
70.6,144,35720.23516
98.4,136,35720.946258
61.0,120,35753.896109
51.4,96,35754.564321
128.2,168,35755.567637
151.4,176,35784.286806
103.6,144,35785.284138
105.4,136,35786.367241
170.8,192,35787.569026
61.0,120,35817.663515
62.6,104,35818.37162
80.2,168,35830.362542
69.0,120,35831.018786
206.4,296,35860.086024
84.6,144,35860.641538
51.4,96,35890.072802
51.4,96,35890.684166
297.2,408,35925.989716
81.8,152,35926.719762
51.4,96,35927.40493
149.6,184,35928.52593
61.0,120,35957.840508
96.4,136,35958.908649
61.0,120,35959.609773
104.2,168,36003.833463
158.4,216,36004.783922
137.4,176,36006.124335
85.0,120,36037.100466
61.0,120,36038.551584
73.8,112,36039.868062
51.4,96,36040.711805
135.2,168,36069.658366
163.4,176,36071.156358
151.8,192,36072.255418
75.0,120,36105.089579
112.2,168,36106.000142
51.4,96,36106.669353
147.6,184,36114.698871
100.4,136,36144.615836
85.0,120,36145.382784
148.6,184,36146.601525
95.8,192,36175.894159
51.4,96,36176.545416
100.2,168,36177.75518
80.2,168,36207.205393
136.6,184,36208.696405
51.4,96,36209.30378
73.8,112,36209.953043
141.0,160,36241.305168
152.4,176,36242.619651
106.6,144,36243.317783
51.4,96,36253.385849
61.0,120,36283.793501
186.4,216,36285.213702
130.6,224,36320.080424
105.8,192,36321.098701
134.8,192,36322.213717
128.2,168,36352.540585
180.2,208,36353.842104
136.8,192,36355.111707
51.4,96,36387.193879
69.0,120,36387.862092
141.2,168,36388.769664
75.0,120,36419.053647
51.4,96,36432.496683
141.4,176,36433.469081
145.2,168,36434.216083
61.0,120,36463.233455
51.4,96,36463.90067
133.4,176,36465.075526
132.4,176,36497.335223
51.4,96,36498.088209
116.4,176,36499.094517
61.0,120,36499.669978
108.0,160,36529.842259
51.4,96,36530.261139
84.0,120,36531.062993
107.4,136,36531.658401
61.0,120,36559.416142
136.8,192,36570.86252
111.8,192,36572.277734
51.4,96,36606.84426
51.4,96,36607.425704
142.8,192,36608.783073
140.6,184,36609.914047
102.2,168,36638.761872
51.4,96,36639.809071
100.8,192,36641.084658
51.4,96,36674.465356
51.4,96,36675.033835
51.4,96,36675.77585
62.6,104,36676.398186
106.8,192,36708.044524
124.8,192,36719.943691
147.2,168,36720.708644
147.2,208,36750.732322
51.4,96,36751.269885
150.6,184,36752.526524
140.2,168,36780.29723
146.6,184,36781.414241
131.4,176,36782.343755
51.4,96,36783.028922
107.4,136,36815.526982
118.6,144,36816.476441
89.8,192,36817.603427
134.2,208,36857.025961
143.2,168,36858.346429
145.4,176,36888.266385
119.2,168,36889.525018
73.8,112,36890.1673
119.8,192,36891.479788
164.0,200,36921.985178
136.8,192,36922.879785
158.4,176,36955.49952
173.6,184,36956.720255
100.6,144,36957.492189
73.8,112,36986.589347
88.2,128,36987.467996
151.6,224,36999.736176
129.8,152,37035.973233
51.4,96,37036.431008
51.4,96,37036.915711
61.0,120,37037.838243
135.2,248,37076.582592
85.0,120,37077.7385
159.8,192,37078.921335
61.0,120,37079.462887
51.4,96,37110.458964
167.6,184,37111.498184
139.0,160,37112.308019
70.6,144,37144.21067
107.4,136,37145.272829
144.8,192,37153.965574
148.8,192,37183.129553
51.4,96,37183.801754
119.8,192,37184.979604
51.4,96,37185.497218
150.2,168,37218.396206
51.4,96,37218.995602
95.8,192,37220.176443
135.0,160,37250.061493
61.0,120,37250.922191
73.0,120,37251.42684
118.6,144,37252.406221
51.4,96,37281.76468
86.2,168,37283.386341
152.2,168,37293.893233
149.8,192,37322.287271
51.4,96,37323.304549
89.8,192,37324.502346
51.4,96,37325.18452
70.0,120,37360.20184
73.0,120,37361.209145
139.4,176,37362.266317
154.0,200,37391.444259
64.0,120,37391.979826
85.4,136,37393.036001
140.2,168,37421.716274
94.6,144,37422.953963
70.6,144,37423.937332
85.0,120,37436.210499
161.8,192,37465.503133
170.6,224,37466.642086
147.6,184,37496.656789
117.2,168,37497.670079
154.0,200,37498.798061
109.8,192,37531.978296
118.6,144,37532.777158
140.0,160,37533.934063
51.4,96,37563.187802
391.0,525,37602.723036
51.4,96,37603.276554
94.6,144,37604.381599
73.8,112,37604.980995
51.4,96,37605.601336
130.0,160,37636.081793
141.0,160,37637.410239
106.2,168,37638.472397
166.6,224,37668.449201
132.2,168,37669.653979
150.6,184,37702.161015
201.8,232,37703.82955
129.8,152,37704.680275
51.4,96,37741.055961
51.4,96,37741.721181
61.0,120,37742.723499
62.6,104,37743.238123
61.0,120,37744.041972
116.0,160,37771.645127
192.4,256,37773.691653
118.6,144,37803.665464
51.4,96,37804.492253
116.2,168,37806.046096
51.4,96,37806.846953
116.0,160,37836.534532
128.2,168,37837.500946
107.4,136,37838.198081
83.4,136,37839.275199
151.6,184,37887.283765
134.0,160,37888.48156
150.6,184,37921.67875
141.0,160,37922.939377
149.8,192,37924.322677
51.4,96,37924.892153
83.6,144,37954.790168
180.2,248,37956.32606
104.8,192,37987.323135
51.4,96,37987.883634
79.0,120,37988.620663
128.2,168,37989.386615
128.2,168,38033.023546
76.6,144,38033.965027
51.4,96,38034.418814
128.2,168,38035.551783
51.4,96,38066.16289
69.0,120,38066.901914
166.0,200,38067.6918
118.6,144,38092.364793
140.4,176,38093.103817
103.8,192,38093.911655
169.4,216,38120.709963
70.6,144,38121.374186
228.8,352,38152.772189
62.6,104,38153.316732
149.6,184,38154.000902
155.4,176,38178.755677
78.0,120,38179.374022
61.0,120,38179.856731
197.4,216,38206.388751
113.2,168,38207.022057
129.8,152,38207.589539
134.2,168,38246.42664
51.4,96,38247.706217
162.0,240,38251.505053
61.0,120,38284.73715
138.8,192,38298.72473
117.0,160,38299.799854
61.0,120,38300.401248
51.4,96,38333.216456
70.6,144,38334.121035
51.4,96,38334.655606
70.6,144,38335.625012
118.6,144,38378.382624
73.8,112,38379.264266
51.4,96,38379.820777
107.4,136,38381.290845
161.8,192,38440.936088
84.6,144,38443.120245
127.8,232,38483.2828
51.4,96,38483.754538
151.4,176,38497.821904
144.2,168,38498.938916
51.4,96,38536.562264
51.4,96,38537.335196
141.0,160,38538.69057
85.0,120,38539.401668
105.8,152,38571.642416
161.2,248,38573.441603
144.2,168,38574.643387
118.6,144,38607.549356
170.8,192,38609.121151
89.8,192,38641.380849
62.6,104,38641.981243
149.6,184,38655.55094
51.4,96,38656.109446
70.6,144,38687.556318
171.4,216,38689.122129
104.2,168,38690.082559
107.4,136,38726.620811
179.4,216,38728.133763
61.0,120,38729.296653
144.0,200,38762.522764
150.6,184,38763.71657
51.4,96,38764.193295
90.8,192,38797.178051
135.4,176,38798.065678
95.2,168,38810.926272
147.0,200,38838.315999
172.6,224,38839.38015
131.6,184,38862.866319
51.4,96,38863.295172
51.4,96,38863.956403
51.4,96,38864.299485
139.4,176,38865.013576
505.0,525,38917.127158
111.6,184,38917.924027
167.6,184,38924.707878
51.4,96,38925.164656
51.4,96,38949.577346
113.8,192,38950.457989
107.4,136,38951.237904
61.0,120,38980.837717
154.0,200,38981.801139
162.2,208,38982.544152
74.0,120,39009.41327
51.4,96,39009.910939
51.4,96,39010.269978
163.0,200,39011.311192
103.8,192,39036.702265
62.6,104,39037.631778
188.2,208,39046.514017
115.2,168,39072.760799
51.4,96,39073.173695
104.6,144,39073.789049
205.6,304,39103.250232
147.0,200,39104.127884
70.6,144,39129.971746
70.6,144,39130.434508
141.0,160,39131.369008
162.6,184,39132.309492
51.4,96,39158.273033
51.4,96,39158.815582
61.0,120,39159.318237
123.4,216,39195.077572
51.4,96,39195.405694
127.0,160,39196.117789
173.0,200,39197.152022
139.6,184,39222.305729
129.8,152,39222.990897
112.0,160,39223.809705
149.2,208,39247.199133
102.6,224,39248.334097
106.2,168,39273.197581
129.8,152,39273.892722
161.6,184,39274.600827
124.8,152,39310.028051
70.6,144,39310.706237
167.0,200,39311.65071
78.6,144,39339.473277
129.8,152,39340.067687
153.8,192,39341.079979
51.4,96,39341.629508
163.8,192,39366.093063
215.6,344,39395.820534
152.2,168,39396.456832
51.4,96,39396.831828
124.0,160,39397.49306
61.0,120,39433.478789
83.0,120,39433.988425
128.2,168,39434.677582
194.2,208,39461.391116
96.2,128,39462.076283
184.0,200,39462.993828
200.4,296,39491.717985
141.0,160,39492.561728
156.4,176,39519.751987
100.6,144,39520.495996
149.4,176,39521.325777
129.8,152,39522.09073
75.0,120,39558.440485
70.6,144,39559.16754
61.0,120,39559.755966
51.4,96,39560.106029
112.2,248,39591.061217
51.4,96,39591.484085
107.4,136,39592.201167
117.0,160,39619.429325
148.4,176,39620.300993
61.0,120,39620.842545
51.4,96,39647.730612
163.6,184,39648.625218
149.6,184,39649.754198
155.2,208,39676.751972
165.8,232,39691.003845
113.2,168,39692.117865
126.2,168,39719.516567
105.8,192,39720.536837
133.2,168,39745.663616
137.8,192,39746.486416
171.4,296,39747.819848
171.2,248,39773.989837
92.2,168,39774.649073
164.8,192,39804.859254
522.0,525,39839.29812
110.8,192,39840.143858
183.4,296,39865.0233
101.6,144,39865.791245
64.0,120,39866.336786
94.6,144,39892.320274
61.0,120,39892.778049
121.4,176,39893.621792
120.2,168,39894.769721
127.2,168,39923.728249
428.0,525,39963.851909
79.0,120,39964.400441
80.2,168,39965.151433
297.2,448,39991.257592
157.0,280,40020.325827
61.0,120,40020.943175
73.0,120,40021.430871
258.4,336,40058.929552
231.0,320,40084.209921
51.4,96,40084.564971
70.6,144,40085.266096
583.0,525,40116.384845
51.4,96,40116.894482
133.0,160,40142.38429
51.4,96,40142.954764
128.2,168,40143.6888
122.4,176,40172.161628
376.6,344,40181.128639
93.0,160,40210.66562
354.0,525,40237.598568
231.0,320,40239.174352
51.4,96,40268.437067
155.2,208,40269.570036
128.8,272,40270.892499
530.0,525,40337.707751
61.0,120,40338.202428
525.0,525,40365.523338
445.0,525,40394.523754
165.6,184,40395.194958
80.2,168,40425.514845
107.4,136,40426.320689
356.4,456,40458.124606
567.0,525,40488.960113
469.0,525,40518.490113
117.8,152,40519.13439
118.6,144,40519.708852
461.0,525,40556.932271
124.2,168,40583.433374
61.0,120,40584.477581
394.0,525,40613.531853
128.8,152,40614.484304
61.0,120,40644.332453
147.4,216,40645.105386
61.0,120,40645.704782
51.4,96,40674.8917
65.0,120,40675.668622
151.6,184,40676.465489
61.0,120,40677.174592
70.6,144,40713.207197
158.2,208,40714.580523
150.4,296,40740.137152
92.2,168,40741.24419
189.0,240,40742.402092
500.0,525,40801.137959
254.6,264,40802.787546
269.0,360,40843.546507
269.4,336,40845.610983
282.4,296,40875.870033
222.2,328,40901.921339
107.2,168,40902.885759
292.4,376,40932.259178
51.4,96,40932.666089
108.6,144,40933.286429
288.2,368,40975.48055
61.0,120,40975.994176
190.8,192,41005.456357
183.8,232,41006.884536
63.0,120,41007.296434
269.8,272,41036.043528
119.8,192,41037.165527
152.4,216,41062.078878
277.6,384,41064.080523
302.4,296,41104.152321
61.0,120,41104.879375
51.4,96,41105.272324
256.4,256,41134.769412
509.0,525,41165.383512
249.8,392,41195.803132
356.0,360,41223.671576
158.8,192,41230.623977
51.4,96,41231.017923
348.0,525,41262.969445
51.4,96,41263.318511
70.6,144,41292.571253
61.0,120,41293.174639
192.6,264,41294.394376
472.0,525,41326.01578
335.4,336,41359.575998
328.8,472,41389.391235
85.0,120,41389.990632
124.6,224,41418.389658
381.0,525,41451.083194
163.0,200,41452.147346
51.4,96,41452.566226
85.0,120,41481.948621
316.2,368,41496.241386
83.4,136,41523.336897
70.6,144,41524.311291
51.4,96,41524.884756
189.4,216,41549.402166
121.0,160,41550.186069
303.6,424,41579.984351
169.0,200,41580.982681
51.4,96,41581.574098
74.6,144,41608.829184
426.2,408,41616.511632
156.8,232,41644.004083
86.6,144,41644.604476
149.6,224,41671.691013
73.8,112,41672.711283
73.8,112,41673.436344
520.0,525,41701.860302
61.0,120,41702.525523
120.8,192,41732.175203
261.0,360,41744.382545
51.4,96,41772.549193
301.8,392,41774.438139
365.4,376,41804.770992
346.4,416,41833.637765
153.4,176,41835.118804
96.2,128,41861.900156
192.6,224,41862.936384
126.8,152,41871.046687
107.4,136,41897.430104
114.0,160,41898.178103
139.4,176,41898.856289
73.8,112,41927.647266
388.6,424,41929.709749
51.4,96,41958.879712
360.4,376,41960.750706
215.8,312,41988.789695
192.6,304,42026.205598
271.4,416,42028.553318
324.4,336,42057.549745
361.8,352,42086.673831
51.4,96,42087.049824
105.8,152,42087.688117
165.4,216,42116.397313
248.2,288,42118.045903
102.6,224,42150.670623
194.8,232,42153.49806
315.6,344,42180.822958
550.2,488,42210.859602
273.2,328,42239.407232
258.0,320,42240.675836
272.8,352,42276.950792
146.4,176,42277.559165
96.2,128,42278.392934
115.4,176,42306.735112
132.2,168,42308.199194
144.8,192,42333.482556
132.8,192,42334.667387
61.0,120,42335.208937
70.6,144,42335.804344
149.8,192,42365.199705
154.0,200,42366.29278
85.0,120,42397.072436
85.0,120,42397.642911
374.0,440,42440.580043
180.0,280,42442.176771
125.6,184,42470.502993
273.4,376,42473.820117
126.6,184,42498.004418
93.2,168,42499.27103
73.8,112,42499.949216
137.8,192,42528.068988
182.2,288,42538.969826
163.6,224,42568.758135
182.2,248,42570.005797
51.4,96,42570.388772
51.4,96,42598.992251
51.4,96,42599.576687
51.4,96,42600.016511
72.2,128,42600.847289
367.2,488,42632.633253
61.0,120,42633.077066
489.0,525,42670.200751
177.0,240,42697.510689
159.0,200,42698.353435
51.4,96,42698.821184
147.8,192,42727.535366
61.0,120,42728.086891
561.0,525,42758.469609
222.6,344,42787.608655
51.4,96,42787.925806
90.4,136,42800.80934
160.8,192,42828.203055
139.4,176,42829.865608
104.2,168,42831.025504
80.2,168,42859.361698
51.4,96,42859.70079
93.8,192,42860.967402
61.0,120,42889.332519
70.6,144,42890.170277
137.2,248,42891.2833
124.8,192,42918.951281
51.4,96,42919.565637
207.6,304,42954.88116
186.6,264,42956.356213
281.4,416,42985.498252
185.4,216,42986.938398
91.8,192,43011.859728
167.2,288,43013.195155
218.0,280,43042.867774
85.6,144,43043.477143
81.6,144,43052.991689
147.6,224,43081.817573
51.4,96,43082.152677
91.8,192,43083.131059
139.4,176,43113.302343
148.4,176,43114.28272
494.0,525,43142.173107
128.2,168,43169.853056
377.0,525,43208.364029
61.0,120,43208.936498
192.0,200,43210.002646
51.4,96,43210.330768
137.0,200,43239.760037
149.6,184,43240.441215
51.4,96,43241.005705
61.0,120,43268.502145
225.2,288,43269.761775
51.4,96,43270.19761
66.0,120,43296.055433
290.4,336,43299.050422
51.4,96,43312.090535
80.6,144,43338.197692
169.8,232,43339.272816
51.4,96,43339.825337
86.2,168,43368.492646
96.2,128,43369.09304
148.6,184,43370.010585
51.4,96,43395.57619
124.6,144,43396.370066
51.4,96,43396.897655
125.2,168,43397.927898
118.6,144,43426.026728
80.2,168,43427.000123
51.4,96,43427.391077
115.4,176,43465.038362
144.2,168,43466.243139
104.2,168,43467.836875
85.0,120,43468.870111
107.4,136,43495.398142
96.2,128,43495.92573
153.4,216,43496.951985
129.8,152,43526.093025
174.4,216,43527.022539
107.4,136,43527.839354
139.4,176,43556.755995
147.8,192,43557.711438
137.4,216,43587.219496
73.8,112,43594.726414
142.2,168,43595.357725
51.4,96,43595.80054
51.4,96,43622.447254
51.4,96,43623.238138
105.8,152,43624.90468
51.4,96,43625.767371
158.4,176,43652.697327
145.4,176,43653.59692
139.4,176,43654.698972
61.0,120,43681.703728
61.0,120,43682.160506
85.0,120,43682.632243
114.0,160,43683.33237
117.0,160,43713.869676
160.8,192,43725.480614
51.4,96,43726.073029
85.0,120,43726.485924
61.0,120,43755.214069
51.4,96,43755.835407
51.4,96,43756.257278
94.6,144,43756.955411
51.4,96,43784.23543
117.0,160,43785.502041
146.6,184,43787.067853
118.6,144,43812.603538
96.2,128,43813.241831
146.4,176,43814.175333
51.4,96,43814.597205
85.0,120,43844.5401
133.2,208,43854.129447
128.8,152,43854.901381
164.0,200,43884.127195
363.8,432,43915.014564
77.6,144,43915.743613
129.8,152,43916.337025
61.0,120,43917.113947
128.2,168,43946.710768
106.8,192,43948.06714
73.8,112,43948.555835
118.6,144,43974.367778
152.2,208,43987.939471
107.4,136,43989.084408
150.4,176,44016.55392
51.4,96,44016.964821
51.4,96,44017.442543
61.0,120,44018.046926
177.2,208,44046.645418
230.2,328,44048.196269
70.6,144,44076.932393
125.2,168,44077.870881
195.2,368,44106.158207
105.6,144,44117.481912
155.6,184,44118.525122
285.8,392,44144.640257
73.8,112,44145.210731
133.0,160,44173.572855
125.8,152,44174.211148
134.4,216,44175.065861
51.4,96,44202.393753
51.4,96,44202.904386
51.4,96,44203.217548
85.0,120,44203.58357
360.0,480,44241.54601
130.4,176,44268.67643
61.0,120,44269.627884
75.6,144,44270.377878
217.6,344,44296.33344
70.6,144,44296.89793
146.6,184,44297.933161
453.0,525,44327.971799
77.0,120,44356.02874
303.8,352,44368.149315
51.4,96,44397.041022
104.2,168,44397.892744
85.0,120,44398.717537
206.2,288,44425.990575
70.6,144,44427.220286
51.4,96,44428.061035
80.6,144,44456.499955
119.8,192,44457.683788
73.8,112,44458.180459
146.8,232,44488.595092
164.2,248,44489.81084
61.0,120,44502.297435
88.6,144,44529.487695
51.4,96,44530.059166
85.6,144,44531.142268
148.8,192,44560.916614
131.6,184,44562.641001
118.0,160,44563.604425
147.4,216,44588.49683
61.0,120,44589.203938
85.0,120,44589.989836
106.6,144,44590.54136
95.6,144,44617.615929
51.4,96,44618.013864
161.0,200,44618.74092
61.0,120,44652.213372
115.2,168,44653.289493
135.2,168,44654.550121
85.0,120,44655.138547
51.4,96,44683.06783
142.2,168,44684.061172
195.0,320,44714.030995
70.6,144,44714.666295
51.4,96,44715.149004
70.6,144,44715.876059
134.6,184,44741.92537
100.4,136,44742.752159
51.4,96,44743.662723
174.8,192,44783.088249
161.2,208,44784.12747
193.8,392,44814.751542
113.8,192,44815.622213
64.0,120,44816.186703
128.8,152,44844.426156
61.0,120,44845.059461
61.0,120,44845.735652
129.8,152,44846.375939
160.2,208,44873.317863
166.8,192,44874.388997
51.4,96,44874.828821
137.8,192,44910.07054
51.4,96,44911.374053
195.8,272,44939.453933
156.6,224,44940.778389
61.0,120,44941.380778
51.4,96,44941.779711
133.4,216,44971.110244
122.8,152,44971.708643
85.0,120,44972.170408
128.2,168,45001.995618
153.8,192,45002.897206
145.0,200,45031.541575
70.6,144,45039.223025
118.6,144,45040.06976
135.0,160,45040.967359
61.0,120,45066.638682
85.0,120,45067.458488
152.8,192,45068.520646
61.0,120,45128.613882
61.0,120,45129.342932
144.6,184,45130.530754
107.4,136,45131.57895
51.4,96,45184.54625
128.2,168,45185.520643
51.4,96,45186.166914
51.4,96,45186.6207
128.2,168,45246.561343
175.0,200,45252.046669
70.0,120,45252.87246
123.8,152,45316.98195
94.2,128,45317.707011
51.4,96,45318.150823
51.4,96,45319.081334
120.2,248,45387.552157
61.0,120,45388.393906
155.6,224,45390.3397
108.8,152,45449.107482
51.4,96,45449.558276
150.4,216,45450.920632
51.4,96,45511.378891
150.6,224,45517.200316
96.2,128,45517.661083
51.4,96,45518.356224
112.4,176,45585.867614
61.0,120,45587.296791
62.6,104,45588.026838
61.0,120,45652.858397
51.4,96,45653.465772
70.6,144,45654.223744
176.0,280,45719.96487
61.0,120,45720.946246
149.4,176,45722.089187
51.4,96,45722.629741
107.4,136,45787.687695
151.4,176,45792.478878
85.0,120,45793.11717
88.2,168,45860.120919
126.6,184,45861.50322
237.2,248,45863.118899
112.2,168,45932.16219
107.4,136,45933.239308
82.6,144,45934.317424
96.2,128,46003.279933
128.8,192,46004.293222
167.4,216,46005.496004
105.2,168,46067.226858
51.4,96,46067.759433
51.4,96,46072.502744
107.4,136,46073.21085
139.4,176,46142.655069
118.6,144,46143.693291
51.4,96,46144.200933
117.6,144,46207.058774
218.0,240,46208.919794
51.4,96,46209.595986
117.0,160,46210.818715
51.4,96,46274.806531
148.6,184,46275.761975
149.8,192,46276.842086
135.4,176,46339.466549
128.2,168,46340.60251
150.8,192,46411.052041
72.2,128,46411.852898
153.6,184,46413.141451
121.8,192,46484.506619
117.0,160,46485.491983
51.4,96,46486.051486
51.4,96,46486.929138
85.0,120,46487.665169
150.6,184,46550.424273
61.0,120,46551.103456
142.2,168,46552.157636
105.8,152,46618.170036
133.4,176,46619.372819
51.4,96,46620.120817
61.0,120,46625.133407
131.0,160,46696.427678
85.0,120,46697.221554
61.0,120,46697.876801
140.2,168,46768.973599
117.0,160,46770.372856
171.2,208,46772.15808
107.4,136,46837.408518
51.4,96,46838.299136
96.2,128,46839.032175
134.6,184,46840.076381
128.2,168,46903.60742
51.4,96,46904.240726
105.8,152,46905.141316
135.8,192,46978.748399
83.0,120,46979.872392
134.2,168,46980.909617
118.6,144,47051.761072
105.8,152,47053.487454
107.4,136,47054.703201
51.4,96,47055.580853
118.6,144,47119.796061
70.6,144,47120.81334
138.2,168,47122.026095
186.4,216,47177.883662
61.0,120,47178.578803
129.8,152,47179.664898
80.2,168,47247.782666
51.4,96,47248.549613
61.0,120,47249.131058
73.8,112,47249.974801
107.4,136,47251.37306
61.0,120,47318.733853
118.6,144,47319.672343
128.2,168,47320.520074
118.6,144,47380.619294
70.6,144,47381.658514
107.4,136,47382.605979
128.2,168,47441.491446
107.4,136,47442.392037
118.6,144,47443.378398
61.0,120,47444.071544
118.6,144,47511.075292
120.4,176,47512.390773
87.6,144,47513.342228
61.0,120,47514.198935
144.2,168,47583.268158
111.6,144,47584.498865
107.4,136,47585.438352
51.4,96,47648.32312
107.4,136,47649.368324
108.2,168,47651.370966
112.2,168,47712.857475
129.8,152,47713.918635
61.0,120,47714.632725
96.2,128,47715.373743
51.4,96,47715.997075
51.4,96,47778.930712
137.2,208,47780.333957
51.4,96,47781.071983
72.2,128,47845.381938
118.6,144,47846.77222
62.6,104,47847.55313
105.2,168,47849.155842
108.8,192,47919.859692
85.0,120,47920.550843
51.4,96,47921.067461
85.0,120,47921.716724
115.2,168,47984.540657
51.4,96,47985.362459
51.4,96,47985.902016
98.4,136,47986.857459
51.4,96,48049.05307
128.0,160,48054.887463
92.4,136,48056.23386
134.0,160,48132.177691
51.4,96,48132.939653
96.2,128,48134.112515
80.6,144,48135.491825
51.4,96,48136.160038
143.8,192,48207.103246
70.0,120,48207.785422
61.0,120,48209.036076
129.8,152,48282.79974
51.4,96,48283.371211
128.8,152,48284.030448
150.8,192,48351.358329
85.2,168,48356.348977
104.2,168,48357.597636
51.4,96,48358.244905
115.4,176,48426.02358
115.6,184,48427.308144
118.6,144,48428.660526
51.4,96,48499.001347
51.4,96,48499.743362
72.2,128,48500.822474
51.4,96,48501.447802
113.8,192,48565.479501
108.0,160,48566.295319
73.8,112,48566.930619
73.8,112,48567.568911
89.6,144,48626.719669
73.6,144,48631.631528
143.6,224,48633.37985
61.0,120,48687.858108
125.0,200,48689.242404
96.2,128,48690.10011
51.4,96,48690.894983
51.4,96,48763.379071
113.8,192,48764.409314
104.6,144,48765.498401
109.8,152,48827.448668
62.0,120,48828.135829
51.4,96,48828.909759
51.4,96,48829.64579
151.8,232,48892.938467
126.8,192,48898.124593
71.0,120,48898.937418
125.2,168,48966.532584
61.0,120,48967.888955
85.0,120,48969.063813
85.0,120,48969.757956
51.4,96,49034.76305
85.0,120,49035.602804
155.6,184,49036.865427
93.2,168,49104.350886
87.2,168,49105.595556
129.8,152,49106.56197
85.0,120,49107.528385
51.4,96,49168.051471
123.0,200,49169.200397
51.4,96,49174.458331
61.0,120,49175.759849
70.6,144,49244.366309
51.4,96,49244.969696
51.4,96,49245.342697
158.8,192,49312.618718
141.0,160,49313.69085
107.8,192,49314.724085
51.4,96,49315.422217
73.6,144,49380.22286
100.8,192,49381.646052
51.4,96,49382.215528
87.6,144,49444.844979
144.6,184,49445.80142
89.8,192,49450.938677
87.2,168,49520.766869
51.4,96,49521.983613
158.8,192,49523.546433
96.2,128,49524.365242
96.2,128,49594.154539
92.6,144,49595.225674
51.4,96,49595.855987
96.2,128,49596.652856
115.4,176,49663.031276
122.4,176,49664.075483
95.2,168,49729.606172
85.0,120,49730.496789
102.6,144,49731.17298
