#{"t_start": 1751118383.157638, "env_id": "VizdoomTakeCover-v0"}
r,l,t
-20.3,75,3.273244
-18.3,80,3.602363
15.8,40,3.800833
-31.3,47,4.014261
14.6,37,4.199765
-38.1,30,4.326427
-29.7,51,4.544842
-27.5,57,4.953749
-11.2,97,17.480241
6.4,141,18.230235
-6.1,110,18.910416
-34.5,39,19.096918
28.4,71,19.341264
28.0,70,19.715263
22.7,57,33.090486
-22.6,69,33.878378
25.6,189,36.042589
16.0,40,36.209143
2.0,130,37.349094
-20.4,74,66.725515
-24.3,65,67.619125
33.2,83,68.936602
-54.8,113,70.791639
0.9,128,72.520015
5.5,139,102.069973
-22.3,70,110.760725
-28.7,54,111.406997
1.8,130,113.157316
-9.4,102,114.547596
-0.6,124,144.112513
-60.7,99,145.445946
-9.6,101,146.452254
-23.1,68,147.180307
-36.4,159,149.408347
-20.0,75,183.649755
9.1,23,183.968901
-18.0,80,185.121817
10.1,26,185.339235
-25.2,62,185.823939
-21.9,71,186.831245
-0.8,123,188.393067
-28.3,55,189.037344
-21.7,71,220.657762
-4.3,115,222.341259
3.7,135,224.055673
11.2,28,224.330937
-21.0,73,225.610514
1.3,129,266.752464
46.4,116,271.141723
-23.1,68,272.278682
16.3,41,272.845167
-21.4,72,273.958189
22.3,56,274.814897
-18.8,78,275.813226
18.6,47,276.556241
-23.0,68,310.485482
-12.4,94,312.473166
-14.1,90,314.355131
-8.1,105,315.688565
29.3,74,316.629049
-15.3,87,348.554651
-20.9,73,349.880106
22.6,57,350.962211
-21.1,73,351.961538
-23.1,68,353.274028
-19.8,76,354.451876
-19.8,76,355.455194
-28.2,55,356.406648
-8.7,104,392.897039
-31.2,47,393.775689
-21.4,72,394.655336
-24.2,65,395.549943
-28.1,55,396.278994
-23.2,67,397.254384
-23.0,68,398.164949
-16.4,84,430.157372
-10.4,99,431.918661
18.7,47,434.688252
27.8,70,435.625745
-31.3,47,436.387707
-21.2,72,437.363098
-22.9,68,438.582834
-20.1,75,472.876104
-16.8,83,474.524694
-28.1,55,475.154011
-20.8,73,476.122421
-16.5,84,477.635374
29.0,73,478.765351
21.1,53,479.484427
-22.9,68,514.20655
-17.9,81,515.144041
-22.9,68,516.549283
-21.1,73,517.784977
-21.2,72,518.618747
-21.3,72,519.769668
-24.1,65,520.701176
-11.7,96,563.634335
-23.0,68,564.864045
11.5,29,565.716765
-28.1,55,566.638299
-21.0,73,567.762293
20.5,52,568.486356
21.7,55,569.534553
18.8,47,570.160876
-28.1,55,570.946774
27.4,69,607.513961
-20.8,73,608.578114
-28.4,54,609.304172
16.0,40,623.662765
45.9,115,625.215611
-23.1,68,626.211946
-27.9,56,627.068654
-28.2,55,627.609209
24.4,61,660.797433
-21.8,71,662.773149
-23.1,68,663.986902
31.3,79,666.064345
-21.1,73,667.957281
-21.2,72,669.919034
-28.1,55,670.874478
36.5,92,703.649807
-23.2,67,704.977257
30.1,76,705.744205
-20.9,73,706.591937
10.3,26,706.901111
-23.0,68,707.995184
-63.6,91,709.039391
-28.2,55,746.21894
18.4,46,746.954971
37.7,95,748.400105
-69.1,78,749.788392
12.6,32,750.407735
19.3,49,751.097889
-15.3,87,752.320618
15.8,165,785.377195
-28.3,55,786.284767
-23.1,68,787.094601
-17.0,83,795.169003
-21.1,73,796.704894
38.5,97,799.262055
-15.2,87,842.667948
-28.7,54,843.51967
-16.6,84,844.642666
-22.2,70,845.459481
-14.7,89,846.539592
29.9,75,847.526952
-21.8,71,848.61205
16.0,40,885.308888
-57.5,107,886.705153
-16.8,83,887.456145
-12.3,95,889.01697
11.3,29,889.38299
-22.0,70,890.229726
32.9,83,891.412562
-5.7,111,928.596101
13.3,34,929.157597
25.8,65,930.605724
-15.9,86,931.997002
-21.9,71,933.096062
2.1,131,935.094716
50.5,127,968.536263
-20.9,73,969.611387
-16.7,84,970.642629
-23.8,66,975.437803
22.3,56,976.307476
-20.3,75,977.474355
-58.7,104,1014.850378
-21.9,71,1016.050168
28.2,71,1017.128284
11.9,30,1017.651884
-15.5,87,1019.247615
-24.1,65,1020.206051
-21.2,72,1021.248265
17.6,44,1054.762617
-22.9,68,1055.240339
-4.4,114,1056.85103
-22.4,69,1057.758602
-20.9,73,1059.036185
-32.0,45,1059.637577
-20.0,75,1060.814429
-35.2,37,1061.646204
-28.2,55,1095.792865
-24.2,65,1096.893919
16.7,42,1097.472372
-26.2,60,1098.230344
14.4,36,1098.541512
-24.4,64,1099.302477
38.2,96,1101.034843
1.6,129,1141.999267
1.3,129,1143.925116
-62.0,95,1145.332352
-17.2,82,1152.488211
32.1,81,1153.502498
-21.7,71,1154.870837
-19.8,76,1210.893981
-22.3,70,1211.79956
-3.3,117,1213.379333
11.8,30,1213.858053
22.6,57,1214.391626
-15.9,86,1216.06116
29.0,73,1269.449352
-12.0,95,1270.710977
-21.2,72,1271.836966
-21.5,72,1272.65378
-21.3,72,1273.375848
-12.5,94,1275.180023
-5.7,111,1330.83216
-21.0,73,1331.881352
2.6,132,1333.535926
-22.7,69,1334.474416
-22.1,70,1335.539567
-21.7,71,1336.454121
23.8,60,1337.514285
24.1,61,1393.878515
-72.2,70,1395.014477
-29.0,53,1395.887143
-16.8,83,1397.151761
-21.2,72,1398.206938
-10.4,99,1402.965209
12.8,32,1403.362148
-20.7,74,1441.742486
-20.8,73,1444.412344
-19.5,77,1446.567579
14.3,36,1447.787314
-60.8,98,1450.355446
-21.2,72,1451.63602
-16.5,84,1452.676239
-20.8,73,1488.738774
19.4,174,1491.37971
18.0,45,1492.089811
-28.3,55,1492.932557
24.8,62,1493.779292
-14.7,89,1495.291248
-19.8,76,1526.277363
-20.8,73,1527.145041
-25.4,62,1527.991776
-20.8,73,1529.540633
-28.1,55,1530.352462
21.3,54,1531.101458
-23.1,68,1532.001052
-20.7,74,1567.585866
14.8,37,1568.109465
-21.6,71,1569.279336
-16.7,84,1570.455191
-20.4,74,1571.416619
-16.7,84,1572.777979
-22.3,70,1576.081142
-12.2,95,1613.225784
-15.4,87,1615.304225
-81.1,48,1616.626687
-78.1,55,1618.210451
23.0,58,1619.72839
16.1,41,1620.708769
-24.2,65,1622.291534
-22.0,70,1623.30981
-23.0,68,1658.641303
10.9,28,1658.93751
-32.3,170,1661.47971
-16.0,85,1662.614675
-25.7,61,1663.534214
-21.2,72,1664.378954
-23.8,66,1698.548554
-0.2,125,1700.339764
-4.4,114,1701.79487
15.2,38,1702.443137
-21.2,72,1703.393595
-15.4,87,1704.861667
-64.3,90,1751.825046
41.6,104,1753.229289
-4.5,114,1754.52582
-20.0,75,1755.21797
-16.1,85,1756.181392
-3.7,116,1806.154719
-24.4,64,1807.10019
49.5,124,1809.101835
10.4,26,1809.616459
-24.7,64,1810.628751
40.3,101,1812.128738
-23.1,68,1813.361441
-15.5,87,1853.513041
28.3,71,1854.538298
-16.6,84,1855.698195
-37.0,158,1857.591132
20.1,51,1858.301233
18.9,48,1859.022303
27.4,69,1890.02637
-21.5,72,1891.216188
-9.9,101,1892.903674
-4.5,114,1894.564233
-11.6,96,1895.594476
-14.5,89,1932.544639
-4.4,114,1933.966835
-32.7,44,1934.568226
18.1,46,1935.022012
-21.2,72,1936.245739
-23.4,192,1938.911608
-15.2,87,1980.941183
15.6,39,1981.467774
-20.1,75,1982.13499
-20.0,75,1983.310844
-16.7,84,1984.503654
9.2,23,1984.754982
21.7,55,1985.549855
-28.1,55,1986.590073
12.0,30,2023.202138
-23.5,67,2024.370014
-20.9,73,2025.673528
-20.8,73,2027.851703
-22.9,68,2029.732671
-24.2,65,2031.221687
16.1,41,2032.096348
17.7,45,2032.847339
-20.9,73,2076.08967
-28.2,55,2076.867589
-20.8,73,2077.985599
27.0,68,2079.09563
9.9,25,2079.346957
-14.6,89,2080.623543
-73.6,66,2081.330651
-20.5,74,2082.473594
40.6,102,2120.852933
-21.0,73,2121.812367
-21.2,72,2122.672067
20.4,51,2123.427047
15.7,40,2123.948652
-27.4,57,2124.805361
-4.5,114,2126.591583
31.0,78,2159.641178
59.2,148,2175.654345
12.4,31,2176.159993
6.2,141,2178.186571
35.3,89,2179.652651
24.8,62,2212.103847
12.3,31,2212.755104
-23.0,68,2213.801306
-21.2,72,2214.933278
-14.2,90,2216.232802
-9.9,101,2217.721818
41.2,103,2219.100132
4.6,137,2258.792957
33.5,84,2259.826193
-12.5,94,2261.415941
-102.7,119,2263.174238
20.9,53,2263.673901
-20.4,74,2302.724445
-23.4,67,2303.748706
-10.1,100,2304.964454
-16.7,84,2306.192169
31.1,203,2309.165217
-15.7,86,2346.020633
11.6,29,2346.438515
23.4,184,2353.251291
-26.5,59,2354.398224
-22.9,68,2355.760578
-4.5,114,2412.033056
-24.2,65,2413.078259
11.9,30,2413.664691
23.3,59,2414.571267
23.9,60,2415.309292
-21.5,72,2416.3904
-12.2,95,2417.911332
21.9,55,2418.820899
11.0,153,2468.24669
24.7,62,2469.092428
21.3,54,2469.798538
13.4,34,2470.470741
-12.6,94,2471.576782
-0.1,125,2473.188472
-66.6,84,2518.915157
-12.4,94,2520.410158
39.4,99,2521.820386
-9.8,101,2522.928422
-22.5,69,2523.726287
-21.3,72,2570.642791
-72.6,69,2571.866517
25.6,64,2572.795034
-3.4,117,2588.726419
-35.9,36,2589.229074
-18.0,80,2590.487708
24.6,62,2591.569813
-19.9,76,2640.037168
-34.8,38,2640.768213
10.4,26,2641.211028
-6.2,110,2642.716999
28.1,71,2644.004556
-19.9,76,2645.055744
-9.4,102,2646.401145
-3.7,116,2698.55863
-6.8,108,2700.003764
-53.2,117,2701.950556
26.5,67,2702.821227
22.6,57,2703.588176
-19.9,76,2704.859775
-9.8,101,2752.057524
-21.9,71,2753.162569
-21.9,71,2754.032243
-0.3,125,2755.811483
-21.7,71,2756.699109
-93.5,142,2799.708065
29.8,200,2816.075284
12.6,32,2816.528073
19.8,50,2817.357853
21.9,55,2818.071944
-26.4,59,2818.896736
39.5,99,2863.369776
16.6,42,2863.939252
-21.0,73,2865.221822
-20.8,73,2866.371747
-19.7,76,2867.975456
-1.5,122,2870.648307
31.1,78,2920.056146
-17.9,81,2921.211056
-26.1,60,2922.247285
-21.2,72,2923.361305
65.3,164,2926.056096
-21.1,73,2927.356617
45.4,114,2977.120504
-10.2,100,2979.538038
-15.3,87,2981.385097
-27.3,57,2981.96355
-4.8,113,2983.590198
29.6,74,3046.130909
-0.7,124,3047.690736
11.4,29,3048.180426
-0.6,124,3058.49384
-54.3,115,3059.95892
9.9,25,3060.353863
-15.9,86,3119.94646
-26.1,60,3121.08641
-26.0,60,3122.368979
1.1,128,3125.06776
-2.8,118,3126.804116
1.5,129,3188.893034
-73.2,67,3190.172612
39.3,99,3191.483106
-0.2,125,3193.366069
2.8,132,3195.72476
30.3,76,3253.616904
7.8,145,3256.608902
-21.5,72,3257.519465
10.6,27,3257.932361
-22.1,70,3258.764136
-21.0,73,3259.910071
-19.7,76,3261.063984
-12.2,95,3321.685827
-22.9,68,3322.639277
17.4,44,3323.300507
-21.3,72,3324.449435
-10.5,99,3328.185441
27.1,68,3329.257574
-26.0,60,3330.353641
11.6,154,3373.388527
32.7,82,3374.424755
4.0,135,3376.308716
-8.9,103,3377.354918
-18.3,80,3414.209335
-25.6,61,3415.088982
11.4,29,3415.571692
-15.4,87,3418.023135
-6.2,110,3422.085269
22.4,56,3423.809657
19.2,48,3425.153063
14.7,37,3426.5224
-64.2,90,3469.145387
-19.8,76,3470.727157
-12.1,95,3472.416637
-26.1,60,3473.341164
-9.0,103,3474.695541
-22.9,68,3475.550256
-27.7,56,3518.75768
-26.0,60,3519.589455
-22.2,70,3520.704473
-26.9,58,3521.349746
-35.3,37,3521.8903
-27.8,56,3522.814827
19.9,50,3523.566816
-15.3,87,3529.288511
38.5,97,3566.003302
-21.3,72,3567.145248
-9.0,103,3569.128942
-21.2,72,3569.89988
-15.8,86,3570.99495
-14.4,89,3572.199728
-14.9,88,3614.337015
22.4,56,3615.349307
-26.0,60,3616.339658
-27.5,57,3617.043774
24.5,62,3618.048089
16.9,43,3618.744226
-66.0,85,3620.056715
-25.5,62,3620.884501
-17.0,83,3660.071679
-29.0,53,3661.247535
-26.0,60,3662.710621
-18.1,80,3664.623504
-25.6,61,3665.923028
-17.3,82,3666.956264
-26.9,58,3667.63445
-27.2,57,3668.20991
-33.7,41,3706.30102
-22.9,68,3707.368165
-48.0,130,3709.275065
-22.7,69,3710.182638
21.6,54,3710.992472
-15.3,87,3714.773358
-8.6,104,3763.92588
-21.3,72,3764.944156
-21.5,72,3765.836769
-26.9,58,3766.543876
-21.3,72,3767.55916
19.2,48,3768.273251
-0.3,125,3770.349697
-4.5,114,3812.000286
-18.3,80,3812.937778
27.4,69,3813.940096
-10.7,99,3815.459034
-18.3,80,3816.619928
-18.2,80,3856.759559
3.1,133,3859.345642
-35.7,36,3860.27416
19.5,49,3861.712311
-23.0,68,3863.610235
-26.0,60,3865.144132
25.8,65,3866.717921
-18.4,79,3906.060683
-27.3,57,3906.918389
-19.0,78,3907.839924
30.0,75,3908.948958
19.8,50,3909.487517
-15.3,87,3911.28471
-22.9,68,3912.055647
-16.2,85,3970.249984
-9.1,103,3971.673177
23.9,60,3972.419181
26.1,66,3973.140252
-23.0,68,3974.435787
22.6,57,3975.138906
37.1,93,3976.160174
-20.1,75,4028.497179
50.4,126,4030.38413
-16.2,85,4031.700609
-20.4,74,4032.629125
-10.9,98,4033.873796
21.3,54,4034.544003
-64.0,90,4097.392889
19.8,50,4098.416151
12.5,32,4098.909831
-25.9,61,4099.725649
-22.9,68,4100.822716
-19.1,78,4101.933743
13.4,34,4102.432409
-26.0,60,4103.350951
-9.0,103,4156.559625
-19.6,76,4157.730493
14.4,36,4158.216193
-15.5,87,4159.051957
-23.0,68,4159.766048
-19.8,76,4160.884057
4.7,137,4223.500565
-9.9,101,4224.995565
-20.2,75,4225.908125
-21.4,72,4227.171743
-28.0,55,4227.847935
-14.2,90,4229.006835
-3.1,118,4266.378868
31.7,80,4267.827992
-20.8,73,4268.7974
-10.2,100,4270.493861
-21.4,72,4271.543055
26.1,66,4272.367849
21.2,178,4318.580235
6.2,141,4320.758409
-19.9,76,4321.649026
-21.2,72,4322.526679
-22.6,69,4323.649675
10.0,25,4324.068554
15.0,38,4366.556903
-17.5,82,4368.714133
-19.8,76,4370.007672
59.1,273,4375.938807
-22.8,68,4412.999673
-17.1,83,4438.445608
23.6,59,4439.436956
18.4,46,4440.284688
-0.8,123,4441.997108
-53.0,118,4443.938914
-23.5,67,4486.94787
16.9,43,4487.735762
-21.4,72,4489.204832
-12.0,95,4491.423896
11.1,153,4494.139632
19.9,50,4495.180847
11.8,30,4495.800189
-30.7,49,4537.410885
25.5,64,4538.609679
-17.3,82,4540.355011
-18.3,80,4542.349675
-6.5,109,4543.717017
-73.4,67,4544.669469
-0.7,124,4582.827401
-22.9,68,4584.685432
-9.4,102,4586.8656
20.0,50,4587.674436
-27.1,58,4588.612926
25.5,64,4589.452679
-69.2,77,4590.480929
-7.2,107,4631.021487
-7.6,106,4636.912728
40.4,101,4638.427676
-1.0,123,4641.184303
-28.7,54,4642.642403
-9.5,102,4684.609145
-48.4,129,4686.011395
2.0,130,4688.104795
-18.7,79,4688.784976
-22.6,69,4690.045603
-19.6,76,4735.262653
-21.8,71,4736.087446
-20.7,74,4737.10273
-22.0,70,4737.815823
-25.6,61,4738.936824
-21.6,71,4739.954104
-4.3,115,4741.23368
28.8,72,4789.536475
-76.1,60,4790.403157
-15.3,87,4791.433401
-26.2,60,4792.126547
-0.6,124,4794.050401
-15.5,87,4795.211295
33.5,84,4832.746891
-26.9,58,4833.615568
-9.0,103,4835.821667
-17.8,81,4837.046392
-22.1,70,4838.130491
-22.5,69,4838.931349
-21.9,71,4889.895027
37.1,93,4891.174604
-24.7,64,4892.018347
-54.4,114,4893.418601
-27.5,57,4894.243395
24.4,61,4896.046571
-11.9,96,4944.349367
-15.5,87,4945.580075
-15.0,88,4946.626276
-8.2,105,4948.002595
-2.4,119,4949.311094
-4.3,115,4999.395124
-23.1,68,5000.633811
-9.7,101,5002.202615
-15.2,87,5003.560981
29.2,198,5007.725841
-17.6,81,5066.692112
-25.5,62,5067.768234
-4.4,114,5071.673786
-31.1,48,5072.322053
29.7,75,5073.429091
-19.9,76,5074.482274
-25.3,62,5075.352945
-17.0,83,5123.040386
-14.6,89,5124.492502
-47.2,132,5127.244142
-20.8,73,5129.096188
30.7,77,5130.679951
30.8,77,5164.959257
-10.0,100,5167.020744
16.0,40,5167.891414
37.6,94,5169.688607
-23.0,68,5171.30229
-11.2,97,5173.673946
10.0,25,5174.373076
-20.4,74,5217.444864
11.8,30,5217.945524
-16.8,83,5219.20715
-67.7,81,5220.467778
-54.1,115,5221.890971
-15.1,88,5222.980058
-10.8,98,5263.329128
-21.2,72,5264.556844
17.8,45,5265.855371
-17.1,83,5267.416195
20.6,52,5282.699315
15.3,39,5283.249842
-15.4,87,5284.533408
27.8,70,5285.632468
-23.0,68,5321.75684
-25.5,62,5322.884823
-21.2,72,5323.779431
28.7,72,5324.792719
29.3,74,5325.743176
1.3,129,5327.491501
-22.9,68,5369.458243
-16.1,85,5370.386759
-23.3,67,5371.453905
-22.1,70,5372.432288
-23.0,68,5373.192256
-20.7,74,5373.852489
22.0,55,5374.296303
-20.1,75,5406.252821
-4.8,113,5407.941305
-20.8,73,5408.603534
-21.2,72,5409.459244
17.9,45,5410.177324
-21.5,72,5411.175653
-10.0,100,5412.540004
-16.7,84,5462.182217
-15.3,87,5463.424892
-13.3,92,5464.739376
32.7,82,5480.212986
-28.8,53,5480.931065
-15.2,87,5482.0022
-21.4,72,5522.804059
-23.0,68,5523.748533
-36.1,35,5524.361892
-21.0,73,5525.503837
-59.0,103,5526.993851
29.5,74,5528.193641
-21.6,71,5529.03938
-15.3,87,5570.803665
-16.4,84,5572.499129
24.4,61,5573.980168
-28.0,55,5575.500103
5.4,139,5578.88405
-22.7,69,5579.796611
-19.9,76,5620.640358
-62.5,94,5621.595802
-21.4,72,5622.881362
-12.2,95,5624.324503
20.4,51,5625.239057
-10.7,99,5626.867699
-19.1,78,5659.723812
-19.8,76,5660.723139
-23.2,67,5661.629715
-24.2,65,5662.438551
24.8,62,5663.254369
-15.3,87,5669.307178
-33.3,42,5669.781908
20.6,52,5670.298526
-52.7,119,5713.608675
-21.1,73,5714.682802
13.9,35,5715.009927
31.7,80,5716.05214
-10.0,100,5717.626928
-77.4,57,5718.678115
-21.1,73,5757.911171
-17.2,82,5760.219995
-21.2,72,5762.4241
-9.9,101,5764.737911
-21.0,73,5766.396473
28.9,73,5768.171725
35.7,90,5770.026764
21.2,53,5807.702983
-13.0,93,5808.68735
-28.3,55,5809.269792
-27.5,57,5809.952965
-16.5,84,5810.830617
-28.1,55,5811.606541
-0.4,124,5852.896096
23.5,59,5853.45161
-10.1,100,5854.868819
-4.4,114,5856.661025
-16.8,83,5857.910682
-21.1,73,5864.051258
13.9,35,5864.606772
-12.5,94,5919.155859
-21.2,72,5920.09734
-15.7,86,5921.143542
22.1,56,5922.422121
19.9,50,5923.188072
-29.0,53,5923.731619
-25.0,63,5924.676092
-21.1,73,5977.944604
-23.0,68,5979.068598
-13.9,91,5980.394053
-20.9,73,5981.590851
25.2,63,5982.336856
-12.6,94,5983.823877
-28.1,55,5984.73544
-28.1,55,6038.562458
-29.0,53,6039.272558
16.4,41,6039.937778
-22.9,68,6041.553457
29.9,75,6042.873925
27.8,70,6044.425774
-23.0,68,6045.355287
-21.0,73,6046.104285
-7.7,106,6103.538652
-21.0,73,6105.165302
-17.1,83,6107.365417
-29.5,52,6108.520328
24.7,62,6109.433883
-20.8,73,6110.543915
-29.1,53,6118.80382
12.4,31,6158.416859
-0.7,124,6160.234996
-17.1,83,6161.461714
-58.6,104,6162.797144
-15.3,87,6163.870271
16.2,41,6164.439748
-16.9,83,6210.379864
27.8,70,6211.628524
10.3,26,6212.040423
23.9,60,6212.864218
45.0,113,6214.624509
24.6,62,6215.493186
5.8,140,6258.918029
-57.8,106,6260.752123
-28.5,54,6261.552981
18.7,47,6262.195262
-7.5,107,6263.868786
-15.4,87,6265.180278
-8.5,104,6307.933916
-23.1,68,6308.689894
25.2,63,6309.490752
-13.8,91,6310.945859
-12.9,93,6312.260343
11.6,29,6312.766988
-65.3,87,6314.202149
-21.0,73,6376.773777
24.1,61,6377.472907
-22.9,68,6378.71259
-21.2,72,6379.482531
22.4,56,6380.097885
-61.6,96,6381.450268
-28.0,55,6382.469542
-28.5,54,6383.162687
-23.1,68,6446.409508
-20.9,73,6447.246269
-23.3,67,6448.248589
-21.1,73,6449.558086
23.0,58,6450.770843
-21.2,72,6452.391506
-28.3,55,6453.508519
-21.1,73,6508.259068
-27.8,56,6509.178607
-16.8,83,6510.707518
40.2,101,6512.407969
-25.4,62,6513.045264
-15.5,87,6514.22411
-20.3,75,6515.199502
10.2,26,6569.5202
-21.4,72,6571.394186
-28.1,55,6572.489257
-2.7,119,6575.418422
-23.7,66,6577.139817
-16.9,83,6578.589939
-21.3,72,6579.500503
-28.7,54,6630.33353
-9.9,101,6633.798262
-16.8,83,6635.111749
37.0,93,6637.1862
-22.9,68,6638.226417
-8.7,104,6640.557184
30.9,78,6684.321118
13.9,35,6684.794852
15.5,39,6685.891916
16.2,41,6686.631937
-21.2,72,6687.465707
-15.3,87,6689.161172
-28.6,54,6689.925128
-31.6,46,6690.698061
29.9,75,6691.465009
-16.9,83,6734.834002
-16.4,84,6736.395823
-21.6,71,6737.504857
-15.7,86,6738.624862
-10.0,100,6740.067003
-23.2,67,6740.948646
3.5,134,6780.001184
16.6,42,6780.291407
-22.9,68,6781.605891
-21.5,72,6782.817651
-28.8,53,6783.443974
-12.5,94,6784.92601
-9.8,101,6832.756071
37.9,95,6848.068113
-12.9,93,6849.300814
-24.2,65,6850.237309
2.6,132,6851.820075
-21.7,71,6899.023811
-16.5,84,6900.392151
11.3,29,6900.849926
-19.9,76,6901.848255
13.8,35,6902.397785
4.1,136,6904.150098
-21.3,72,6905.292043
-27.3,57,6906.231531
-61.7,96,6952.101833
-18.3,80,6953.329549
-22.2,70,6954.298956
-24.8,63,6955.354132
10.1,26,6955.532655
-16.7,84,6957.115422
36.4,91,7003.086454
-26.4,59,7004.449807
-20.1,75,7005.686499
28.4,71,7006.874322
-22.9,68,7007.83575
-21.8,71,7008.712405
-12.5,94,7010.041849
-17.4,82,7052.482325
-16.2,85,7053.836702
0.1,126,7058.963988
-6.8,108,7060.433057
32.1,81,7061.751531
25.5,64,7063.256505
-0.5,124,7120.592138
-15.6,86,7121.787939
-28.4,54,7122.544914
-17.7,81,7123.934198
-17.2,82,7125.075147
19.3,49,7125.511978
-21.3,72,7197.387718
-45.9,136,7198.967492
-16.3,85,7200.580178
-20.3,75,7201.669266
-16.8,83,7202.817194
26.3,66,7203.749699
-15.6,86,7266.767134
-20.8,73,7268.388798
13.8,35,7269.111863
18.0,45,7269.574625
-25.6,61,7270.37648
21.3,179,7272.957575
-22.9,68,7334.759262
-18.9,78,7336.333052
-21.2,72,7338.062428
-21.1,73,7339.029839
-23.1,68,7339.938409
-15.9,86,7341.566055
16.4,41,7342.384865
-22.4,69,7382.109606
-16.9,83,7383.365246
-24.1,65,7384.362579
-20.5,74,7385.628193
-21.3,72,7386.75817
-21.2,72,7387.729572
-23.0,68,7389.025106
-17.2,82,7426.43105
-28.7,54,7427.288756
-23.7,66,7428.074653
-16.7,84,7429.130828
-29.0,53,7429.912737
-15.8,86,7431.318975
-21.2,72,7432.3562
-17.0,83,7479.19192
-21.2,72,7480.786654
52.8,132,7482.560908
-4.9,113,7484.265349
18.1,46,7484.995397
-9.0,103,7521.395031
28.5,72,7522.629728
-23.1,68,7523.783641
-23.0,68,7524.645337
-6.6,109,7536.187462
-21.2,72,7537.090049
29.0,73,7538.09137
-10.7,99,7574.340408
24.0,60,7575.403564
21.5,54,7575.942123
18.0,45,7576.619311
-28.4,54,7577.358335
25.8,65,7578.250947
31.7,80,7579.470685
-28.3,55,7580.340358
-10.9,98,7619.540502
-20.8,73,7620.684442
-16.9,83,7622.011892
-28.1,55,7623.01022
-10.0,100,7624.63288
-21.2,72,7625.402821
-29.7,51,7662.562423
-28.1,55,7663.333359
-23.0,68,7664.378564
17.9,45,7665.072708
-22.4,69,7665.92443
-23.0,68,7666.904807
-19.1,78,7668.061713
-19.8,76,7669.912761
-15.8,86,7713.404425
14.2,36,7714.166387
-28.2,55,7714.908402
24.7,62,7715.556669
-23.1,68,7716.357526
-21.1,73,7732.464441
70.6,177,7771.963785
-21.2,72,7773.89861
-32.4,44,7775.075462
-20.1,75,7776.797855
18.9,48,7777.807154
19.8,50,7778.932146
29.3,74,7780.502943
16.4,41,7781.124282
-16.6,84,7825.692067
17.0,43,7826.451037
-21.2,72,7827.942049
-21.1,73,7829.52282
-20.9,73,7831.418749
29.0,73,7832.963617
34.0,85,7835.138798
-23.0,68,7836.505143
33.1,83,7874.098585
-22.9,68,7875.131821
-20.8,73,7876.251824
25.7,65,7877.145435
24.8,62,7877.957263
-22.9,68,7878.720222
-11.5,97,7914.988209
-24.0,65,7916.126165
-23.0,68,7916.968911
32.0,80,7918.230536
-15.3,87,7919.710577
-15.6,86,7925.750421
-4.8,113,7966.757731
10.2,26,7967.175613
-16.6,84,7968.584843
-15.1,88,7970.550586
-20.9,73,7972.016664
4.1,136,7975.137316
21.9,55,7976.355059
-27.7,56,8015.907261
-6.9,108,8017.554854
7.1,143,8019.755966
16.9,43,8020.185816
-5.6,111,8021.66486
-2.6,119,8066.459039
-20.8,73,8067.658831
5.5,139,8069.504892
-25.3,62,8070.439393
-5.2,237,8111.493578
-23.1,68,8113.265836
-9.3,102,8115.947663
-22.4,69,8117.145459
16.3,41,8118.045053
20.1,51,8119.988853
-49.2,127,8175.68188
19.3,49,8176.249362
43.4,109,8177.729403
-28.3,55,8178.476404
-24.4,64,8179.262302
-6.7,109,8180.87798
-22.0,70,8182.063809
-54.5,114,8234.62222
-26.1,60,8235.550737
-14.6,89,8236.68969
10.2,151,8238.769127
-23.4,67,8239.849239
-25.3,62,8291.88804
-21.0,73,8292.941222
10.4,26,8293.360102
-26.9,58,8293.988422
-37.8,31,8294.732432
15.0,38,8295.317865
-4.8,113,8297.302557
-18.2,80,8299.739039
-27.1,58,8301.384638
16.5,42,8359.050388
-28.7,54,8360.04772
-18.3,80,8361.264465
-18.7,79,8362.187995
-67.0,83,8363.456602
-17.1,83,8378.958136
-19.8,76,8380.120028
10.9,28,8423.133971
21.5,54,8424.407563
2.9,133,8427.604013
25.4,64,8429.149879
-8.6,104,8431.536495
-8.2,105,8433.165138
15.0,38,8477.996219
4.6,137,8481.269464
0.6,127,8485.760451
-27.2,57,8487.59654
14.0,35,8488.514086
5.2,138,8533.867769
5.5,139,8536.093815
-20.2,75,8537.133034
4.2,136,8539.137672
0.9,128,8540.626689
-11.3,97,8583.432189
27.4,69,8584.537234
-26.0,60,8585.404912
-12.0,95,8586.784223
33.5,84,8587.972045
2.1,131,8666.501986
20.5,52,8667.392603
23.7,60,8668.215402
-16.7,84,8669.375301
3.3,134,8671.418834
-19.8,76,8672.302471
-15.6,86,8741.005697
-1.3,122,8742.522638
34.9,88,8743.745368
-1.0,123,8745.21344
-25.0,63,8746.016292
-17.5,82,8832.509932
-22.5,69,8833.844362
-15.8,86,8835.127929
21.4,54,8835.683443
19.7,50,8836.56708
-28.2,55,8837.365942
41.0,103,8838.550773
-26.7,59,8839.288799
12.8,32,8916.102331
-25.6,61,8916.918148
22.4,56,8917.939417
-48.3,130,8919.569057
9.6,149,8921.793108
-22.0,70,8922.558062
-54.2,115,9012.00879
-10.3,100,9013.380122
-22.1,70,9014.419343
28.7,72,9015.386754
-7.2,107,9016.90968
-21.6,71,9071.544539
11.1,28,9071.965413
-18.3,80,9073.252968
-0.7,124,9074.83374
13.4,34,9075.346368
-27.0,58,9076.141243
-20.8,73,9077.039839
-20.9,73,9078.13092
-1.0,123,9127.422071
2.4,131,9129.589274
-13.6,91,9131.693646
-13.4,92,9133.898747
-6.3,110,9193.445465
26.9,68,9194.87165
4.1,136,9196.463392
-4.1,115,9198.296489
37.3,219,9258.734823
-22.3,70,9259.666332
20.8,177,9261.541317
26.2,66,9262.681267
-23.9,66,9263.725473
-23.8,66,9307.452509
15.7,40,9307.995057
11.7,155,9310.126355
-31.5,47,9310.88732
-3.8,116,9312.799206
-21.2,72,9313.930182
-0.1,125,9354.23138
-23.1,68,9355.250653
18.2,46,9356.285884
-17.0,83,9358.299498
32.7,82,9359.507267
-9.9,101,9360.992295
-22.9,68,9394.277261
-30.1,50,9394.823799
-28.1,55,9395.809163
-23.0,68,9396.753638
-10.0,100,9398.101032
-15.3,87,9399.386594
-21.5,72,9400.409857
-23.1,68,9440.411856
-0.7,124,9451.338627
-15.4,87,9452.58629
-15.3,87,9454.242859
22.6,57,9455.052693
29.0,73,9456.168707
-20.6,74,9505.550616
25.1,63,9506.457192
-29.6,51,9507.466491
-25.4,62,9508.354117
-21.4,72,9509.099124
-16.7,84,9510.424578
25.0,63,9511.074839
-12.5,94,9550.200183
-30.1,50,9550.729766
36.6,92,9551.993386
-21.4,72,9553.200158
-20.9,73,9554.381
-20.5,74,9555.692492
20.1,51,9556.797536
-28.2,55,9558.019268
-23.2,67,9598.458098
-19.8,76,9599.73967
-62.7,94,9600.950431
-23.2,67,9602.100356
-66.3,85,9603.407857
-23.4,67,9604.540826
34.6,87,9643.21039
25.7,65,9644.334383
-20.8,73,9645.798467
-16.9,83,9649.635205
27.1,68,9650.445038
-22.4,69,9651.391507
-20.7,74,9653.619546
-1.4,122,9702.205585
-12.4,94,9703.378447
29.3,74,9704.464541
-20.6,74,9705.716193
-24.2,65,9706.395376
7.7,145,9757.596419
-17.4,82,9759.673862
-20.0,75,9761.570788
3.4,134,9764.555804
-22.7,69,9765.835381
21.5,54,9766.706051
-17.1,83,9813.913775
-22.4,69,9814.709647
-22.5,69,9815.915421
-12.1,95,9818.793723
-21.1,73,9821.091576
-25.6,61,9823.368486
27.9,70,9825.296329
16.0,165,9874.514674
-26.3,60,9875.364402
-0.9,123,9890.536818
-16.9,83,9891.798442
-16.4,84,9892.957343
-18.3,80,9943.952935
-17.0,83,9944.991157
-24.2,65,9945.74115
-17.0,83,9946.862152
-16.9,83,9947.934284
-28.4,54,9948.437937
-25.1,63,9949.433276
-20.4,74,10003.368005
28.4,71,10004.792195
-15.3,87,10005.986002
22.2,56,10006.930475
-21.4,72,10008.164176
22.5,57,10008.882255
21.2,178,10060.340609
-21.1,73,10061.646117
-21.4,72,10062.419049
-15.5,87,10063.521102
-28.2,55,10064.420695
-13.9,91,10065.644422
-8.9,103,10123.767948
-19.8,76,10124.740347
1.3,129,10132.715015
-16.0,85,10134.291797
1.9,130,10136.256541
-70.7,74,10203.026937
-12.4,94,10204.600728
-62.3,95,10205.865345
-47.1,133,10207.834079
29.7,75,10208.879282
-12.6,94,10263.662743
-16.9,83,10265.680346
-23.0,68,10267.108526
-23.0,68,10268.879787
15.4,39,10269.695606
33.3,84,10270.597194
25.2,63,10271.491802
-0.0,125,10322.550225
2.1,131,10325.32181
19.2,48,10326.711096
14.9,38,10327.499985
23.5,59,10328.858351
-15.2,87,10330.904877
23.1,58,10332.199415
32.3,81,10382.099936
-20.5,74,10383.220936
-32.7,44,10383.887155
-33.8,166,10388.053011
-23.0,68,10388.867831
-58.8,103,10430.166363
-54.4,114,10432.502115
33.8,85,10434.382086
16.6,42,10434.899702
-16.7,84,10436.549288
-64.7,89,10438.002402
-27.5,57,10438.70253
-22.9,68,10478.085185
30.4,76,10479.145348
-20.3,75,10480.469806
-15.4,87,10481.774316
-19.8,76,10482.692859
20.9,178,10521.70351
-4.0,115,10523.839796
-15.9,86,10525.181208
-21.2,72,10526.29024
-20.9,73,10527.935839
30.2,76,10530.074122
-16.0,85,10573.446103
-5.0,113,10575.214374
-20.1,75,10577.219012
29.0,73,10579.09998
-21.4,72,10588.718252
21.2,53,10589.364524
-21.5,72,10627.067672
17.1,43,10627.533426
20.6,52,10628.551701
-16.7,84,10629.911065
-66.1,85,10630.845566
17.8,45,10631.477875
34.1,86,10632.854193
-21.2,72,10633.955248
-19.7,76,10673.606185
-21.3,72,10675.400386
-28.0,55,10676.899378
-17.0,83,10678.739455
-17.6,81,10679.834526
-21.1,73,10680.65134
18.7,47,10681.160978
-17.6,81,10718.300633
-20.9,73,10719.788653
-20.9,73,10721.044293
-20.8,73,10722.065562
-26.1,60,10723.070873
11.8,30,10723.595469
-20.6,74,10724.602775
-20.9,73,10763.562561
-16.8,83,10765.477439
13.8,35,10766.59844
-16.5,84,10768.430541
-27.0,58,10769.399947
26.5,67,10770.327466
-23.2,67,10772.147597
-21.6,71,10773.197789
10.4,26,10819.863961
-16.8,83,10821.431768
-16.3,85,10823.041461
-3.3,117,10824.579348
12.0,30,10825.139848
16.2,41,10825.634525
-20.2,75,10826.808385
-29.2,52,10827.473606
-31.7,46,10871.923707
-15.9,86,10873.019775
-19.9,76,10875.823275
-16.5,84,10878.26674
-15.6,86,10880.910667
38.9,98,10883.630392
31.7,80,10927.87604
-21.4,72,10928.921244
10.8,27,10929.307212
31.1,78,10930.105078
-109.5,102,10931.663908
23.6,59,10932.304195
-15.3,87,10933.301527
-9.2,102,10981.386904
20.7,52,10982.018215
1.1,128,10983.512218
-23.5,67,10984.324047
-21.2,72,10985.089998
21.2,53,10986.024498
-22.5,69,11045.477468
-6.8,108,11046.797935
31.7,80,11047.796264
-25.1,63,11048.623053
-6.9,108,11050.11606
-24.5,64,11051.260998
14.9,38,11051.721765
41.7,105,11094.434513
-58.6,104,11095.379983
13.2,33,11095.748997
-6.3,110,11097.141272
-21.2,72,11098.160546
-18.8,78,11099.316454
-34.3,40,11153.126518
14.3,36,11153.856565
-16.4,84,11156.258141
-26.7,59,11157.45494
-22.3,70,11158.902069
24.1,61,11160.291352
-20.2,75,11161.68662
-19.8,76,11162.930293
-23.4,67,11215.603398
-20.9,73,11216.608709
15.6,39,11217.161231
-23.0,68,11218.158563
-22.8,68,11219.110019
50.6,127,11223.007592
11.6,29,11223.884249
23.8,60,11274.669404
-17.1,83,11275.809354
-17.6,81,11277.335271
-22.9,68,11278.788385
-70.3,75,11280.061979
35.5,214,11326.563591
-11.8,96,11327.792304
-6.2,110,11328.971151
-38.6,154,11331.370733
-101.3,122,11378.137636
19.6,174,11380.190145
36.8,92,11381.205429
50.1,126,11383.058473
22.4,56,11383.752616
-28.2,55,11434.27647
29.7,75,11436.221267
-22.2,70,11437.75317
-6.7,109,11439.054689
-3.0,118,11440.309333
-20.9,73,11441.362515
-20.9,73,11494.295924
12.6,32,11496.370376
4.5,137,11498.115706
-7.2,107,11499.645614
-21.3,72,11500.374664
-21.2,72,11501.286226
-20.1,75,11545.293511
-28.4,54,11545.930806
-20.3,75,11546.817434
-21.2,72,11547.753929
-1.3,122,11549.526189
-9.3,102,11551.623578
5.7,140,11594.362257
-16.5,84,11594.947691
-12.7,94,11596.222281
12.4,31,11596.505523
46.2,116,11598.931036
19.0,48,11599.948315
-21.1,73,11637.156785
28.7,72,11638.159105
9.4,149,11640.491865
-19.8,76,11641.395447
14.7,37,11641.545048
35.6,214,11684.845224
-21.2,72,11699.910924
14.7,37,11700.30886
-48.9,128,11701.885642
-35.6,161,11703.834429
-15.2,87,11750.737968
-107.0,108,11752.021534
-17.0,83,11752.688749
13.1,33,11752.989944
21.5,54,11753.821719
-28.0,55,11754.476966
22.5,57,11755.110271
-17.6,81,11820.164259
14.5,162,11822.41823
-14.4,89,11823.501333
-28.5,54,11823.982047
-18.3,80,11825.104046
18.0,45,11825.576782
16.0,40,11880.067025
-9.8,101,11882.336954
39.8,100,11885.117516
-9.9,101,11886.925679
3.8,135,11888.581251
-2.2,120,11938.552582
0.1,126,11944.085781
-7.4,107,11945.707443
52.0,130,11948.364337
-39.0,153,12001.349607
-24.4,64,12002.574331
-26.3,60,12003.403114
-8.9,103,12004.517134
-19.9,76,12005.585276
-22.2,70,12006.314327
16.1,41,12006.803019
-11.5,97,12067.189491
10.4,26,12067.49667
-21.8,71,12068.545864
-6.7,109,12069.887276
-18.4,79,12070.584411
-26.4,59,12071.37729
-17.1,83,12128.206278
-24.4,64,12129.359194
-21.5,72,12130.308654
-22.8,68,12130.896084
-37.6,31,12131.64109
1.5,129,12134.027706
-17.9,81,12135.892717
-21.1,73,12193.439785
2.8,132,12194.988642
27.3,69,12198.274851
-6.9,108,12200.08102
30.8,77,12200.982609
29.9,75,12246.219604
-12.5,94,12247.638808
-17.1,83,12248.77078
39.3,99,12249.885798
-21.8,71,12250.654741
-21.0,73,12251.307994
21.7,55,12252.094888
-10.0,100,12296.893058
-0.2,125,12300.04762
36.8,92,12301.820877
-63.6,91,12303.799583
-0.4,124,12347.909593
34.9,88,12350.44581
-10.0,100,12353.460745
-9.3,102,12356.959387
-16.5,84,12357.895881
-20.9,73,12358.952056
-21.5,72,12406.034117
-21.2,72,12407.151128
29.4,74,12408.430706
-23.0,68,12409.982555
10.3,26,12410.41839
-23.1,68,12411.341918
27.7,70,12412.180676
-12.5,94,12413.243831
-24.4,64,12451.189332
30.8,77,12452.631474
19.8,50,12453.421361
-24.2,65,12454.200277
16.3,41,12454.614171
-21.3,72,12455.881779
-21.5,72,12457.181303
-24.2,65,12489.164751
-20.5,74,12490.47724
23.8,60,12491.002834
-23.2,67,12492.066988
-21.2,72,12492.995504
-21.6,71,12493.704607
18.4,46,12494.338911
-21.1,73,12495.337241
-18.8,78,12532.947636
22.5,57,12533.761459
-23.0,68,12534.488514
-20.9,73,12535.419025
-23.0,68,12536.461237
-14.0,90,12538.064948
15.5,39,12538.624451
-21.2,72,12572.715261
-6.9,108,12573.820306
-29.3,52,12574.397761
-20.9,73,12575.836911
-20.0,75,12588.048247
-63.9,91,12589.54624
-21.3,72,12590.459797
-28.4,54,12623.663978
-21.3,72,12625.10313
-20.6,74,12626.21316
-28.1,55,12626.873394
23.3,59,12627.659292
-21.0,73,12628.578832
-16.5,84,12629.412602
-30.0,50,12674.243683
-16.5,84,12675.428514
18.1,46,12675.904241
-23.1,68,12677.013275
18.9,48,12677.837071
-21.3,72,12678.705748
22.7,57,12679.342046
28.1,71,12680.201746
27.6,69,12713.636312
21.2,53,12714.271613
-21.0,73,12715.052524
-28.1,55,12716.086757
-20.8,73,12717.792196
-15.2,87,12720.182801
-23.4,67,12721.373615
-57.6,106,12757.536882
20.0,50,12758.414535
11.5,29,12758.870317
-21.1,73,12759.602358
-22.9,68,12760.294506
-23.1,68,12761.603005
3.0,133,12766.429097
-21.3,72,12816.765452
-20.9,73,12818.642431
-28.1,55,12819.757449
-20.9,73,12820.363827
-22.7,69,12821.193607
-22.9,68,12822.289675
-10.4,99,12823.157354
-24.4,64,12876.133648
-12.4,94,12877.510964
5.6,139,12880.084081
-21.1,73,12881.572102
-28.1,55,12882.707065
-23.0,68,12884.294818
-28.8,53,12937.913394
-20.8,73,12940.230196
-31.7,46,12941.446943
20.3,51,12942.689617
24.0,60,12944.288341
-21.2,72,12946.848493
-13.8,91,12950.174597
23.6,59,12951.211821
-21.2,72,13002.441787
34.7,87,13003.609662
-14.6,89,13004.475347
-19.1,78,13005.320087
-21.1,73,13006.421143
19.4,49,13008.02585
-21.0,73,13008.946388
-20.8,73,13080.552848
-16.6,84,13081.40058
-70.3,75,13082.353032
52.0,130,13084.097367
-0.8,123,13085.456731
10.2,26,13085.68512
-4.7,114,13153.355109
-51.5,122,13154.696521
26.8,67,13155.344786
28.5,72,13156.226428
21.5,54,13157.200823
-19.8,76,13158.111386
-22.2,70,13217.465621
-26.7,59,13218.296397
10.5,27,13218.562685
42.2,106,13219.489208
-4.9,113,13221.833935
-25.7,61,13222.933993
-21.1,73,13305.158051
-4.5,114,13306.427656
-23.4,67,13307.415014
-13.4,92,13308.805295
21.1,53,13309.352831
-22.5,69,13310.416984
-21.3,72,13315.83549
-21.4,72,13373.476307
12.1,31,13373.952034
-21.1,73,13374.770845
-16.9,83,13376.110262
-21.1,73,13377.376873
19.3,49,13377.967294
19.2,48,13378.76117
1.3,129,13445.08177
-4.1,115,13446.847048
-16.7,84,13447.958076
-28.6,54,13448.83872
-20.9,73,13450.444426
27.9,70,13451.728988
-22.5,69,13453.1452
-23.2,67,13504.097908
-16.5,84,13506.080605
-16.7,84,13507.824938
-9.5,102,13510.018071
-23.0,68,13510.716204
-3.8,116,13571.242303
38.0,95,13572.168825
-23.6,66,13573.357645
-59.1,103,13574.701052
-51.7,121,13576.534148
-20.9,73,13585.850228
32.5,82,13650.590055
30.9,78,13651.661191
-28.6,54,13652.585718
33.3,84,13653.500271
-12.5,94,13654.805779
-22.7,69,13655.606637
7.5,144,13709.143432
-21.5,72,13710.048012
28.1,71,13710.8748
-23.2,67,13712.013754
38.8,97,13712.866472
19.4,174,13770.956089
21.6,54,13771.547507
-22.5,69,13772.375293
-0.8,123,13773.211057
-25.4,62,13773.944097
-9.8,101,13775.058117
-21.9,71,13833.764084
-22.8,68,13834.361486
-15.7,86,13835.777698
27.4,69,13836.765057
-11.4,97,13838.326879
-16.8,83,13840.150003
-21.7,71,13899.804433
-0.7,124,13901.864921
3.2,133,13903.778801
1.3,129,13905.180053
-34.3,40,13905.702656
-0.2,125,13979.841342
3.9,135,13981.690396
-74.3,65,13982.326694
27.5,69,13982.843312
-16.1,85,13984.233593
-7.7,106,14054.813798
29.7,200,14057.145561
27.5,69,14058.378264
-20.0,75,14059.229986
-17.2,82,14060.094672
16.0,40,14060.428778
-22.9,68,14116.484834
14.6,37,14116.795006
17.6,169,14120.414324
-9.8,101,14123.102135
-4.8,113,14126.388343
-16.4,84,14189.004851
-23.6,66,14200.29166
-4.5,114,14203.026345
12.1,31,14203.706526
19.7,50,14204.5383
-10.0,100,14206.443205
-37.5,157,14247.771656
-27.3,57,14248.96646
-23.6,66,14250.496368
1.9,130,14253.001666
-7.8,106,14254.137628
-61.0,98,14288.304235
-12.8,93,14289.557881
-19.6,76,14290.331812
2.8,132,14291.76797
-23.9,66,14292.679532
-12.1,95,14324.481465
-16.5,84,14325.302269
41.0,103,14326.889024
-20.8,73,14327.865414
-11.9,96,14329.060217
-15.8,86,14330.054558
-21.5,72,14367.320873
-72.8,68,14368.504707
-25.2,62,14378.390264
-21.5,72,14379.18414
-16.1,85,14379.980011
-16.5,84,14381.099019
30.1,201,14418.368327
-16.8,83,14419.752624
17.1,43,14420.33407
-23.1,68,14421.97867
10.6,27,14422.468359
-15.5,87,14423.801794
-66.3,85,14424.600656
-21.1,73,14457.398924
-2.8,118,14459.018592
-15.8,86,14460.059806
-17.8,81,14461.096035
-21.6,71,14462.065442
-34.7,39,14462.823414
-22.9,68,14499.216068
20.4,51,14500.011938
-23.1,68,14500.912529
-22.9,68,14501.839051
6.5,142,14503.678132
22.3,56,14504.340361
-28.7,54,14505.127255
-33.4,167,14551.234922
-0.1,125,14557.808338
-15.3,87,14558.699954
17.6,44,14559.254471
-23.1,68,14560.030395
-7.1,108,14594.034438
-22.9,68,14595.831631
27.8,70,14597.118189
-26.9,58,14598.454614
26.5,67,14599.810986
-22.9,68,14600.786378
-16.5,84,14602.301325
-17.5,82,14632.813707
-21.1,73,14634.118218
31.5,79,14635.109566
-21.2,72,14636.042072
-22.9,68,14636.970588
-22.9,68,14637.903093
-24.2,65,14638.894443
-21.3,72,14675.245207
24.7,62,14676.005175
21.5,54,14676.718268
-23.1,68,14678.149439
-20.6,74,14679.474894
-23.0,68,14681.198283
-80.4,49,14682.357183
-20.6,74,14683.956904
-23.0,68,14714.666759
-23.0,68,14715.850592
-32.5,44,14716.317343
-15.2,87,14720.607867
-22.5,69,14721.239179
-57.8,106,14722.576601
11.9,30,14723.042354
47.0,118,14763.795344
-23.0,68,14765.27738
13.7,35,14765.879769
-17.0,83,14767.645047
-15.2,87,14769.319567
11.8,30,14769.702543
-16.5,84,14770.784649
-31.6,46,14806.8791
-12.4,94,14808.284341
-0.5,124,14809.647694
-10.7,99,14810.937245
18.1,46,14811.431921
12.8,157,14859.22109
-21.0,73,14860.396945
-11.5,97,14861.491018
-28.4,54,14861.834101
-9.9,101,14863.051844
-0.8,123,14864.7503
-19.6,76,14904.353366
-16.6,84,14906.078751
18.8,47,14906.583401
-16.8,83,14909.381915
-22.9,68,14910.138891
41.9,105,14911.138217
-16.4,84,14971.949553
23.5,59,14972.596822
-10.0,100,14973.632053
34.2,86,14974.755049
-6.2,110,14976.457496
-51.7,121,15044.7578
-17.0,83,15045.804997
-2.0,120,15047.221209
44.1,236,15051.196576
4.4,136,15119.674405
-16.3,85,15122.560684
12.6,32,15123.921045
11.8,30,15125.067977
37.2,93,15128.05
-9.8,101,15130.571256
18.5,47,15131.546647
13.9,35,15189.957405
-2.0,120,15191.601008
-22.2,195,15198.521496
-59.9,101,15199.941697
17.9,45,15200.676732
33.1,83,15245.966586
-26.9,58,15246.857203
-20.0,75,15247.789709
-15.4,87,15249.085245
-21.6,71,15249.827259
-55.1,113,15251.382099
11.4,29,15252.0922
-21.7,71,15300.077843
29.2,198,15302.768646
-21.3,72,15304.45314
21.6,54,15305.315833
18.0,45,15306.527591
-23.4,67,15307.900918
10.5,27,15354.018558
-62.6,94,15355.487628
-23.5,67,15356.466012
46.2,116,15357.565071
26.6,67,15358.16746
-15.7,86,15359.144845
-4.5,114,15404.016818
-19.9,76,15405.038085
17.4,44,15405.805033
38.5,97,15406.948974
-76.8,58,15407.750829
-4.4,114,15433.061127
-16.0,85,15480.153161
19.6,49,15480.377559
-19.0,78,15481.523495
-15.5,87,15483.206991
-22.3,70,15484.509508
-4.4,114,15487.007824
37.8,95,15537.957539
-1.8,121,15540.040967
-25.6,61,15540.874736
9.4,24,15541.277658
-23.3,67,15542.044607
38.4,96,15543.133693
-15.3,87,15545.115393
-9.7,101,15596.905859
-46.6,134,15598.712027
11.5,154,15600.518196
5.5,139,15648.874846
-8.7,104,15650.135475
-15.8,86,15651.701287
-3.9,116,15653.951268
39.4,99,15669.174547
17.9,45,15669.666231
-15.6,86,15741.618766
-17.1,83,15742.537309
10.5,27,15743.150669
4.9,138,15745.065547
-17.1,83,15746.242398
-3.3,117,15809.143145
-21.9,71,15810.168404
-28.8,53,15810.821655
14.0,35,15811.30636
-5.1,238,15814.496825
-17.6,81,15815.530061
21.6,54,15881.717017
7.4,144,15884.240268
-19.5,77,15885.144849
-19.6,76,15886.389519
-26.0,60,15887.107598
-11.9,96,15888.312376
31.1,78,15945.212174
-0.8,123,15948.097457
-23.8,66,15949.627364
-33.2,42,15950.262665
15.2,38,15950.789257
4.6,137,15955.13563
-9.2,102,16001.557456
36.1,91,16002.635572
17.2,43,16003.384569
38.5,97,16004.533496
-22.3,70,16005.760215
-9.6,101,16007.191386
62.4,156,16067.029326
-26.9,58,16067.736435
35.9,90,16068.448529
-17.5,82,16069.325185
-21.4,72,16070.074182
20.2,51,16070.767327
-21.7,71,16113.299557
-15.4,87,16114.634986
15.4,39,16115.035913
10.5,27,16115.413902
61.8,155,16117.468407
-19.5,77,16118.357029
32.6,82,16166.724651
-23.9,66,16167.515535
28.7,72,16168.848969
-48.5,129,16170.112589
-21.3,72,16170.940375
-23.0,68,16171.750208
-21.4,72,16220.809978
26.1,66,16238.026924
-1.4,122,16239.28855
-22.0,70,16240.464404
-53.4,117,16242.071107
-32.6,44,16242.646568
21.1,53,16243.108332
-9.3,102,16288.79313
-22.9,68,16289.986936
-8.8,103,16291.05109
18.4,46,16291.537789
-5.6,111,16292.648817
-17.0,83,16293.852597
-22.9,68,16347.760399
-3.1,118,16350.356454
-8.7,104,16352.531637
28.9,73,16353.425245
-18.1,80,16354.277965
-20.0,75,16398.613373
39.4,99,16399.923867
-20.8,73,16400.689818
-23.6,66,16401.387951
12.6,32,16401.77691
34.9,88,16402.959747
-15.5,87,16404.122635
-18.4,79,16449.413487
-23.1,68,16454.098954
-8.8,103,16455.208985
13.3,34,16455.829325
24.7,62,16456.627191
-6.0,110,16457.867872
46.2,116,16511.122422
-62.8,93,16512.18857
-9.7,101,16513.934899
-6.6,109,16515.069863
-17.6,81,16515.895654
-26.3,60,16516.87304
-30.1,50,16570.390885
26.7,67,16571.483961
13.4,34,16571.908825
-37.6,31,16572.223982
-23.8,66,16573.208348
-11.5,222,16576.633187
-11.8,96,16635.587491
-0.6,124,16637.323846
19.6,174,16640.134328
-8.1,105,16642.560837
-18.6,79,16698.960973
-18.2,80,16699.822668
2.9,133,16713.958855
-14.9,213,16716.437226
-29.0,53,16716.985758
1.7,130,16780.461966
-20.8,73,16781.411426
-6.3,110,16782.658092
44.3,111,16784.16905
19.1,48,16784.801359
-21.8,71,16841.32616
-3.8,116,16843.120362
-21.4,72,16844.214435
1.9,130,16846.972058
-25.3,62,16848.353364
-16.8,83,16849.11333
7.7,145,16907.305671
-4.0,115,16908.531393
14.6,37,16909.026071
13.1,33,16909.400069
-9.6,101,16911.260094
-16.8,83,16961.51766
-21.7,71,16962.547905
31.5,79,16977.323382
7.6,144,16979.616248
-23.6,66,16980.943697
10.7,27,16981.552072
-27.4,57,16982.750863
39.9,100,17044.744038
-22.3,70,17045.709455
11.1,28,17046.062511
-25.0,63,17046.952132
-23.4,67,17048.053187
-21.2,72,17048.879976
13.5,34,17049.29686
16.1,41,17049.780566
-22.9,68,17050.532554
-15.9,86,17099.462672
-4.3,115,17101.425422
-13.0,93,17102.92142
-30.8,48,17103.674405
4.3,136,17105.094607
30.5,77,17156.55695
-24.8,63,17158.072895
-28.7,54,17159.371422
-21.3,72,17161.335169
-19.9,76,17162.390346
-15.4,87,17163.31587
33.5,84,17164.210478
-22.8,68,17208.535912
-23.4,67,17210.073798
12.1,156,17226.291418
-26.0,60,17227.194004
-27.5,57,17228.021789
-22.9,68,17228.791729
6.6,142,17291.153918
8.6,147,17294.664526
-19.8,76,17297.279532
-21.3,72,17299.415817
-15.9,86,17301.698711
1.9,130,17363.670942
10.8,27,17363.920274
0.7,127,17365.883024
19.4,49,17366.667925
-18.7,79,17367.930547
-4.9,113,17427.570017
43.3,109,17429.825984
10.3,26,17430.673715
26.2,66,17431.551368
-46.2,135,17433.486193
7.6,144,17435.437972
-21.4,72,17489.1493
-26.9,58,17489.834467
-25.3,62,17490.519634
-16.5,84,17494.302515
51.9,130,17497.267583
-17.3,82,17499.317102
-11.7,96,17556.194959
-8.7,104,17557.627128
-63.8,91,17558.372135
-11.7,96,17559.438283
-13.8,91,17560.084555
-22.3,70,17628.119568
14.9,38,17628.316042
-6.2,110,17629.932718
-17.1,83,17630.793415
23.3,59,17631.479581
-64.7,89,17632.315345
-26.5,59,17632.879835
0.8,127,17690.209484
11.4,154,17691.761333
-16.8,83,17692.825486
-6.2,110,17694.201804
33.2,83,17758.021095
-17.3,82,17760.151396
-4.0,115,17762.474184
-15.2,87,17765.010399
-20.2,75,17766.555267
-6.3,110,17768.897002
46.5,117,17813.984398
19.6,174,17816.295218
-10.5,99,17818.023595
-10.1,100,17819.767928
-23.8,66,17871.426746
11.6,29,17872.002208
-9.0,103,17873.944012
0.4,126,17876.366532
-27.6,56,17877.368851
-17.1,83,17878.560664
-18.5,79,17940.93781
0.8,127,17943.266581
-20.1,75,17944.252943
12.2,31,17944.466372
-19.6,76,17945.552467
29.5,74,17946.591688
-18.3,80,17947.52519
-18.8,78,17994.407784
-16.9,83,17995.842946
4.3,136,17997.251178
-18.5,79,18012.984095
-26.9,58,18014.141997
-22.1,70,18015.694843
-11.0,98,18045.072262
10.7,27,18045.521061
11.9,30,18045.909023
-15.0,88,18046.828564
-10.5,99,18048.457207
-19.5,77,18049.748752
47.1,118,18084.22952
28.2,71,18085.762419
-8.8,103,18087.644385
16.2,41,18088.02038
-26.0,60,18088.445245
-18.8,78,18089.245104
-17.5,82,18090.046959
68.1,171,18124.785038
-18.8,78,18125.678648
-6.9,108,18127.136748
-20.3,75,18128.082219
26.4,66,18129.223167
-26.8,58,18165.516087
-26.9,58,18166.66601
12.4,31,18166.888416
-18.4,79,18167.829897
-9.5,102,18169.413661
-34.8,163,18173.415956
-26.9,58,18215.334827
-26.9,58,18216.348116
27.2,68,18217.432216
-26.9,58,18218.554215
-1.3,122,18219.954469
17.5,44,18220.435184
41.0,103,18221.854388
-6.2,110,18262.304189
-25.9,61,18263.208769
-8.8,103,18264.302842
16.9,43,18264.893263
-17.8,81,18265.839731
-26.0,60,18266.44212
39.2,98,18306.298508
-21.4,72,18307.21705
-26.9,58,18307.869306
-27.2,57,18308.64224
11.1,28,18309.013246
-15.3,87,18309.925806
-0.6,124,18311.276193
31.9,80,18347.796505
-11.7,96,18349.278541
-27.3,57,18349.884919
-69.3,77,18350.805456
-18.6,79,18352.198729
17.8,45,18352.649524
-21.2,72,18354.915462
-23.1,68,18393.829372
-18.1,80,18395.886868
-21.0,73,18397.314051
-19.7,76,18398.539772
-67.7,81,18400.05871
-15.2,87,18401.336291
16.2,166,18436.667783
43.5,109,18439.479263
-26.0,60,18440.558376
-15.6,86,18442.034428
-57.6,106,18443.356891
21.0,53,18444.368186
15.6,39,18491.915003
-26.1,60,18492.773705
-27.9,56,18493.606478
-25.9,61,18494.131075
-34.3,40,18494.507069
29.0,73,18495.253074
18.4,46,18495.724813
17.6,44,18496.318224
6.0,140,18535.886384
-21.4,72,18537.495081
8.6,147,18541.062539
21.5,54,18541.787599
27.5,69,18542.839785
-26.9,58,18543.54789
19.7,175,18602.460305
39.5,99,18603.919402
-13.3,92,18605.121189
-14.4,89,18606.449634
-20.0,75,18607.848891
-21.4,72,18650.669351
-16.2,85,18652.572261
0.8,127,18654.682617
-4.2,115,18657.938905
-26.9,58,18659.529651
-6.2,110,18703.470114
-19.6,76,18704.450492
24.7,62,18705.240379
10.0,25,18705.674219
-22.9,68,18706.671551
-26.9,58,18707.376665
-23.1,68,18708.556508
18.4,46,18709.488017
1.5,129,18756.418483
-20.9,73,18757.648193
-2.2,120,18759.149179
22.2,56,18760.083678
-27.0,58,18760.927422
-26.9,58,18761.730274
35.8,90,18825.576492
-23.7,66,18826.801216
19.0,48,18827.857391
31.4,79,18829.540888
11.2,153,18831.68216
1.9,130,18904.350778
-26.0,60,18905.252367
-2.2,120,18907.34477
-17.6,81,18908.316172
23.5,59,18909.008321
-7.1,108,18910.734703
-10.3,100,18975.737826
4.9,138,18978.717854
21.3,54,18979.784003
-18.0,80,18981.495425
-21.6,71,18983.156981
-13.6,91,18984.94021
-26.1,60,19043.571378
25.5,64,19044.390188
-17.1,83,19045.515178
-10.2,100,19047.012174
-21.4,72,19048.202989
-26.9,58,19049.150455
0.6,127,19109.856073
21.4,54,19113.212096
62.2,156,19115.481027
-3.9,116,19117.123632
56.3,141,19190.917243
-12.4,94,19192.366367
36.5,92,19193.925198
-48.5,129,19196.037546
-11.6,96,19197.904552
5.5,139,19254.548037
-23.4,67,19255.749822
50.8,127,19257.481191
23.4,59,19258.491488
-6.5,109,19259.850852
11.6,154,19318.192793
-71.9,71,19319.437464
-20.5,74,19320.818769
14.4,36,19321.401211
18.6,47,19321.960714
-21.5,72,19323.050798
-23.7,66,19323.837693
-9.2,102,19383.457218
27.5,69,19384.680944
-17.1,83,19391.918584
-16.9,83,19393.797558
12.2,31,19394.086785
-1.8,121,19396.38065
-25.6,61,19397.420866
-22.8,68,19472.499041
15.8,40,19473.693845
-12.6,94,19476.823473
-11.2,97,19479.354702
5.6,139,19480.964396
-15.7,86,19550.790617
13.7,35,19551.205508
34.7,87,19552.331496
-20.4,74,19553.512337
3.9,135,19555.719433
11.0,153,19558.359373
-9.4,102,19626.737468
39.8,100,19627.688922
-12.2,95,19628.821892
-11.6,96,19629.908985
-11.9,96,19630.748738
12.9,33,19685.658859
36.9,93,19686.687109
19.4,49,19687.225668
-21.4,72,19689.044802
-7.4,107,19690.180763
-24.6,64,19690.907819
-27.0,58,19691.590991
-25.2,62,19751.169624
51.9,130,19754.888676
-8.7,104,19757.957468
17.8,45,19758.75633
-1.3,122,19760.540558
-14.3,90,19827.993129
3.7,135,19829.444248
-28.4,54,19830.055612
2.1,256,19833.271012
-23.7,66,19895.688052
24.5,62,19896.209657
-10.1,100,19897.629858
68.6,172,19899.523794
-18.3,80,19900.3805
-0.2,125,19965.000648
15.5,39,19965.43748
6.3,141,19980.990875
19.0,48,19981.750843
1.7,130,19983.652755
-73.5,67,19984.893436
-21.0,73,20028.079917
49.3,124,20029.904038
30.5,77,20030.592197
-21.3,72,20031.512735
-2.4,119,20033.848487
50.8,127,20087.26261
-26.3,60,20088.001633
-25.1,63,20088.964058
-57.9,106,20090.522889
35.7,90,20091.371618
-15.6,86,20092.575398
-24.9,188,20141.834635
10.9,153,20143.524117
35.1,88,20144.937336
17.0,43,20145.731212
-20.8,73,20196.979129
-21.1,73,20197.787965
-15.4,87,20199.10245
-23.8,66,20200.351109
27.4,69,20205.711771
-23.5,67,20207.042211
1.7,130,20242.442519
-1.9,121,20243.38799
27.7,70,20244.428208
-29.1,53,20244.876009
-26.5,59,20245.699806
-12.7,94,20246.669214
23.7,185,20288.09241
-20.0,75,20288.987018
27.7,70,20289.55051
-22.9,68,20290.824104
21.4,179,20339.09997
-20.9,73,20339.874898
-21.4,72,20340.490251
-28.1,55,20341.260191
-19.0,78,20342.059055
-25.1,63,20342.759183
-0.5,124,20343.948999
16.9,43,20380.449365
-1.2,122,20382.222621
-21.3,72,20383.742556
-58.9,103,20385.586623
-16.4,84,20397.314253
14.0,35,20397.794967
51.1,128,20433.474529
-21.2,72,20434.132767
-16.3,85,20435.114143
26.8,67,20435.937939
29.2,73,20436.807613
-28.6,54,20437.479814
20.4,176,20474.666344
20.2,176,20477.255418
10.5,27,20477.524698
20.4,51,20477.969509
-11.7,96,20479.337849
-41.3,147,20516.675972
22.3,56,20517.539662
28.6,72,20518.530013
14.5,37,20518.875091
-13.2,92,20519.861453
-16.5,84,20520.691231
-20.9,73,20521.386373
-8.1,105,20567.607736
33.4,84,20568.687846
32.4,81,20569.194491
-18.3,80,20570.216756
30.4,76,20571.827448
16.7,42,20572.401911
17.5,44,20612.909557
-10.4,99,20613.914869
25.4,64,20614.656883
1.5,129,20616.292509
-19.6,76,20617.71271
19.5,174,20661.327046
-32.4,44,20661.648186
-38.3,155,20663.32171
-22.1,70,20664.175426
0.6,127,20665.529803
-9.9,101,20710.147455
-21.2,72,20711.012143
25.7,65,20711.594585
5.9,140,20713.235197
-11.5,97,20714.186651
12.3,31,20714.620491
-22.9,68,20756.492487
16.0,40,20757.048001
-22.5,69,20757.84088
-3.6,116,20759.6281
23.8,60,20760.257416
16.3,41,20760.698237
23.3,59,20761.179949
11.7,155,20811.206134
-20.2,75,20812.341099
12.7,32,20813.03225
-21.7,71,20814.447464
23.2,58,20815.80583
-2.2,120,20817.781546
-16.7,84,20819.084062
19.7,50,20854.823462
-29.1,53,20855.311158
11.6,29,20855.841739
-12.4,94,20856.951769
-15.2,87,20858.051827
-20.2,75,20858.969372
10.8,27,20859.219702
-20.1,75,20860.02455
-9.2,102,20900.254938
25.6,64,20901.07275
-21.6,71,20901.917491
-20.9,73,20902.805116
9.5,24,20903.027521
52.3,131,20904.543466
-21.3,72,20943.29182
-18.8,78,20944.90251
33.7,85,20946.163138
-44.5,139,20948.879871
-12.8,93,20950.54741
-18.8,78,20963.129754
-28.3,55,20998.385449
-0.6,124,20999.6371
-17.6,81,21000.962555
-66.6,84,21002.434618
-4.8,113,21004.839186
14.4,36,21005.358796
20.8,52,21050.695524
1.4,129,21052.045912
19.4,174,21054.107398
22.0,180,21093.847098
2.5,132,21095.155598
-21.4,72,21095.918557
-8.6,104,21097.474396
8.2,146,21099.210751
-36.3,160,21143.663843
-10.0,100,21144.666163
-15.3,87,21145.797138
-11.6,96,21146.61096
-8.7,104,21195.870197
-16.8,83,21196.576308
-18.8,78,21197.717257
32.6,82,21198.931009
-11.0,98,21200.107862
-8.6,104,21201.023412
-12.5,94,21250.762366
-22.3,70,21251.533304
27.0,68,21252.366076
37.8,220,21254.541258
32.5,207,21319.721906
-8.5,104,21321.035393
-2.1,120,21322.097551
23.4,59,21322.972212
-19.7,76,21323.712233
-26.9,58,21373.521997
-21.2,72,21374.230102
-6.8,108,21375.331157
-4.3,115,21376.907939
-16.6,84,21377.80853
-54.6,114,21426.085394
28.0,70,21430.762883
-18.5,79,21431.509884
-11.7,96,21432.80143
-27.3,57,21433.433739
-26.0,60,21434.072031
11.3,154,21476.999205
-10.1,100,21478.261828
30.2,76,21479.041741
25.2,188,21481.409408
-1.2,122,21534.153324
2.8,132,21535.837818
13.7,35,21536.246724
-25.9,61,21537.079497
-1.4,122,21538.420909
-21.6,71,21539.266646
53.4,134,21580.920227
-23.0,68,21582.01829
13.9,35,21582.401266
-31.4,172,21584.128644
8.0,145,21628.164852
-18.2,80,21629.122291
-18.2,80,21630.703063
-21.4,72,21631.74328
34.6,212,21633.987278
-21.3,72,21669.108333
42.3,106,21670.286182
-17.0,83,21671.556784
29.0,73,21672.418478
-19.8,76,21673.47565
5.5,139,21707.589399
30.6,77,21708.297506
-28.3,55,21709.334732
-9.6,101,21710.37096
12.9,33,21710.79383
-30.0,50,21711.458051
-15.3,87,21712.425463
-10.0,100,21756.455688
-16.5,84,21757.375227
6.5,142,21759.016836
22.5,57,21759.735913
-6.7,109,21760.755187
-15.8,86,21761.515154
-16.5,84,21794.10498
28.5,197,21798.285798
-38.3,30,21798.632867
-13.0,93,21799.408792
11.2,28,21799.771822
-17.1,83,21849.854854
21.5,54,21850.426325
-1.9,121,21852.272389
21.7,55,21853.054296
-0.4,124,21854.386733
25.3,189,21897.615101
-16.2,85,21898.301265
-20.0,75,21899.606773
-20.8,73,21900.254041
-23.3,67,21901.199512
-19.5,77,21901.879693
19.7,50,21902.309543
-21.1,73,21943.662927
1.2,128,21945.223752
13.0,33,21945.594759
-8.8,103,21946.930188
31.0,203,22002.977267
-15.3,87,22004.15412
-9.2,102,22005.160428
